--
-- PostgreSQL database dump
--

-- Dumped from database version 13.2 (Debian 13.2-1.pgdg100+1)
-- Dumped by pg_dump version 15.2

SET statement_timeout = 0;
SET lock_timeout = 0;
SET idle_in_transaction_session_timeout = 0;
SET client_encoding = 'UTF8';
SET standard_conforming_strings = on;
SELECT pg_catalog.set_config('search_path', '', false);
SET check_function_bodies = false;
SET xmloption = content;
SET client_min_messages = warning;
SET row_security = off;

--
-- Name: public; Type: SCHEMA; Schema: -; Owner: postgres
--

-- *not* creating schema, since initdb creates it


ALTER SCHEMA public OWNER TO postgres;

SET default_tablespace = '';

SET default_table_access_method = heap;

--
-- Name: activities; Type: TABLE; Schema: public; Owner: postgres
--

CREATE TABLE public.activities (
    activity_id integer NOT NULL,
    name text NOT NULL,
    lesson_id integer NOT NULL,
    created_at timestamp without time zone DEFAULT CURRENT_TIMESTAMP
);


ALTER TABLE public.activities OWNER TO postgres;

--
-- Name: activities_id_seq; Type: SEQUENCE; Schema: public; Owner: postgres
--

CREATE SEQUENCE public.activities_id_seq
    AS integer
    START WITH 1
    INCREMENT BY 1
    NO MINVALUE
    NO MAXVALUE
    CACHE 1;


ALTER TABLE public.activities_id_seq OWNER TO postgres;

--
-- Name: activities_id_seq; Type: SEQUENCE OWNED BY; Schema: public; Owner: postgres
--

ALTER SEQUENCE public.activities_id_seq OWNED BY public.activities.activity_id;


--
-- Name: activity_records; Type: TABLE; Schema: public; Owner: postgres
--

CREATE TABLE public.activity_records (
    record_id integer NOT NULL,
    teacher_id integer NOT NULL,
    activity_id integer NOT NULL,
    hours numeric(5,2),
    comment text,
    created_at timestamp without time zone DEFAULT CURRENT_TIMESTAMP
);


ALTER TABLE public.activity_records OWNER TO postgres;

--
-- Name: activity_records_record_id_seq; Type: SEQUENCE; Schema: public; Owner: postgres
--

CREATE SEQUENCE public.activity_records_record_id_seq
    AS integer
    START WITH 1
    INCREMENT BY 1
    NO MINVALUE
    NO MAXVALUE
    CACHE 1;


ALTER TABLE public.activity_records_record_id_seq OWNER TO postgres;

--
-- Name: activity_records_record_id_seq; Type: SEQUENCE OWNED BY; Schema: public; Owner: postgres
--

ALTER SEQUENCE public.activity_records_record_id_seq OWNED BY public.activity_records.record_id;


--
-- Name: course_join_codes; Type: TABLE; Schema: public; Owner: postgres
--

CREATE TABLE public.course_join_codes (
    code_id character varying(12) NOT NULL,
    course_id integer,
    comment text,
    activated_by_teacher_id integer,
    created_at timestamp without time zone DEFAULT CURRENT_TIMESTAMP
);


ALTER TABLE public.course_join_codes OWNER TO postgres;

--
-- Name: courses; Type: TABLE; Schema: public; Owner: postgres
--

CREATE TABLE public.courses (
    course_id integer NOT NULL,
    name text NOT NULL,
    description text,
    created_at timestamp without time zone DEFAULT CURRENT_TIMESTAMP
);


ALTER TABLE public.courses OWNER TO postgres;

--
-- Name: courses_id_seq; Type: SEQUENCE; Schema: public; Owner: postgres
--

CREATE SEQUENCE public.courses_id_seq
    AS integer
    START WITH 1
    INCREMENT BY 1
    NO MINVALUE
    NO MAXVALUE
    CACHE 1;


ALTER TABLE public.courses_id_seq OWNER TO postgres;

--
-- Name: courses_id_seq; Type: SEQUENCE OWNED BY; Schema: public; Owner: postgres
--

ALTER SEQUENCE public.courses_id_seq OWNED BY public.courses.course_id;


--
-- Name: excel_reports; Type: TABLE; Schema: public; Owner: postgres
--

CREATE TABLE public.excel_reports (
    report_id integer NOT NULL,
    file_data bytea,
    created_at timestamp with time zone DEFAULT CURRENT_TIMESTAMP
);


ALTER TABLE public.excel_reports OWNER TO postgres;

--
-- Name: excel_reports_report_id_seq; Type: SEQUENCE; Schema: public; Owner: postgres
--

CREATE SEQUENCE public.excel_reports_report_id_seq
    AS integer
    START WITH 1
    INCREMENT BY 1
    NO MINVALUE
    NO MAXVALUE
    CACHE 1;


ALTER TABLE public.excel_reports_report_id_seq OWNER TO postgres;

--
-- Name: excel_reports_report_id_seq; Type: SEQUENCE OWNED BY; Schema: public; Owner: postgres
--

ALTER SEQUENCE public.excel_reports_report_id_seq OWNED BY public.excel_reports.report_id;


--
-- Name: lessons; Type: TABLE; Schema: public; Owner: postgres
--

CREATE TABLE public.lessons (
    lesson_id integer NOT NULL,
    date_from timestamp with time zone NOT NULL,
    topic text,
    course_id integer NOT NULL,
    created_at timestamp without time zone DEFAULT CURRENT_TIMESTAMP,
    date_to timestamp with time zone
);


ALTER TABLE public.lessons OWNER TO postgres;

--
-- Name: lessons_id_seq; Type: SEQUENCE; Schema: public; Owner: postgres
--

CREATE SEQUENCE public.lessons_id_seq
    AS integer
    START WITH 1
    INCREMENT BY 1
    NO MINVALUE
    NO MAXVALUE
    CACHE 1;


ALTER TABLE public.lessons_id_seq OWNER TO postgres;

--
-- Name: lessons_id_seq; Type: SEQUENCE OWNED BY; Schema: public; Owner: postgres
--

ALTER SEQUENCE public.lessons_id_seq OWNED BY public.lessons.lesson_id;


--
-- Name: teacher_courses; Type: TABLE; Schema: public; Owner: postgres
--

CREATE TABLE public.teacher_courses (
    teacher_id integer,
    course_id integer,
    created_at timestamp without time zone DEFAULT CURRENT_TIMESTAMP
);


ALTER TABLE public.teacher_courses OWNER TO postgres;

--
-- Name: teachers; Type: TABLE; Schema: public; Owner: postgres
--

CREATE TABLE public.teachers (
    comment text,
    created_at timestamp without time zone DEFAULT CURRENT_TIMESTAMP,
    teacher_id integer NOT NULL,
    is_manager boolean DEFAULT false
);


ALTER TABLE public.teachers OWNER TO postgres;

--
-- Name: activities activity_id; Type: DEFAULT; Schema: public; Owner: postgres
--

ALTER TABLE ONLY public.activities ALTER COLUMN activity_id SET DEFAULT nextval('public.activities_id_seq'::regclass);


--
-- Name: activity_records record_id; Type: DEFAULT; Schema: public; Owner: postgres
--

ALTER TABLE ONLY public.activity_records ALTER COLUMN record_id SET DEFAULT nextval('public.activity_records_record_id_seq'::regclass);


--
-- Name: courses course_id; Type: DEFAULT; Schema: public; Owner: postgres
--

ALTER TABLE ONLY public.courses ALTER COLUMN course_id SET DEFAULT nextval('public.courses_id_seq'::regclass);


--
-- Name: excel_reports report_id; Type: DEFAULT; Schema: public; Owner: postgres
--

ALTER TABLE ONLY public.excel_reports ALTER COLUMN report_id SET DEFAULT nextval('public.excel_reports_report_id_seq'::regclass);


--
-- Name: lessons lesson_id; Type: DEFAULT; Schema: public; Owner: postgres
--

ALTER TABLE ONLY public.lessons ALTER COLUMN lesson_id SET DEFAULT nextval('public.lessons_id_seq'::regclass);


--
-- Data for Name: activities; Type: TABLE DATA; Schema: public; Owner: postgres
--

INSERT INTO public.activities (activity_id, name, lesson_id, created_at) VALUES (19, 'Подготовка презентации', 26, '2023-04-22 21:12:26.143132');
INSERT INTO public.activities (activity_id, name, lesson_id, created_at) VALUES (20, 'Запись видео', 26, '2023-04-22 21:12:33.026085');
INSERT INTO public.activities (activity_id, name, lesson_id, created_at) VALUES (21, 'Подготовка теста', 26, '2023-04-22 21:12:39.133995');
INSERT INTO public.activities (activity_id, name, lesson_id, created_at) VALUES (22, 'Подготовка презентации', 27, '2023-04-22 21:13:20.29119');
INSERT INTO public.activities (activity_id, name, lesson_id, created_at) VALUES (23, 'Проверка домашнего задания', 27, '2023-04-22 21:13:26.885123');
INSERT INTO public.activities (activity_id, name, lesson_id, created_at) VALUES (24, 'Запись видео', 27, '2023-04-22 21:13:32.697543');
INSERT INTO public.activities (activity_id, name, lesson_id, created_at) VALUES (25, 'Подготовка презентации', 28, '2023-04-22 21:14:05.983043');
INSERT INTO public.activities (activity_id, name, lesson_id, created_at) VALUES (26, 'Запись видео', 28, '2023-04-22 21:14:12.593071');
INSERT INTO public.activities (activity_id, name, lesson_id, created_at) VALUES (27, 'Подготовка презентации', 29, '2023-04-22 21:14:38.79313');
INSERT INTO public.activities (activity_id, name, lesson_id, created_at) VALUES (28, 'Проверка домашнего задания', 29, '2023-04-22 21:14:44.145714');
INSERT INTO public.activities (activity_id, name, lesson_id, created_at) VALUES (29, 'Подготовка теста', 29, '2023-04-22 21:14:51.02215');
INSERT INTO public.activities (activity_id, name, lesson_id, created_at) VALUES (30, 'Подготовка презентации', 30, '2023-04-22 21:15:33.016538');
INSERT INTO public.activities (activity_id, name, lesson_id, created_at) VALUES (31, 'Запись видео', 30, '2023-04-22 21:15:38.492485');
INSERT INTO public.activities (activity_id, name, lesson_id, created_at) VALUES (32, 'Подготовка теста', 30, '2023-04-22 21:15:46.208443');
INSERT INTO public.activities (activity_id, name, lesson_id, created_at) VALUES (33, 'Подготовка презентации', 31, '2023-04-22 21:16:13.930967');
INSERT INTO public.activities (activity_id, name, lesson_id, created_at) VALUES (34, 'Проверка домашнего задания', 31, '2023-04-22 21:16:24.628815');
INSERT INTO public.activities (activity_id, name, lesson_id, created_at) VALUES (35, 'Запись видео', 31, '2023-04-22 21:16:31.844549');
INSERT INTO public.activities (activity_id, name, lesson_id, created_at) VALUES (36, 'Подготовка презентации', 32, '2023-04-22 21:17:13.913118');
INSERT INTO public.activities (activity_id, name, lesson_id, created_at) VALUES (37, 'Запись видео', 32, '2023-04-22 21:17:22.855665');
INSERT INTO public.activities (activity_id, name, lesson_id, created_at) VALUES (38, 'Подготовка презентации', 33, '2023-04-22 21:18:09.117166');
INSERT INTO public.activities (activity_id, name, lesson_id, created_at) VALUES (39, 'Проверка домашнего задания', 33, '2023-04-22 21:18:15.364398');
INSERT INTO public.activities (activity_id, name, lesson_id, created_at) VALUES (40, 'Подготовка теста', 33, '2023-04-22 21:18:20.396001');
INSERT INTO public.activities (activity_id, name, lesson_id, created_at) VALUES (41, 'Подготовка презентации', 34, '2023-04-22 21:18:51.847836');
INSERT INTO public.activities (activity_id, name, lesson_id, created_at) VALUES (42, 'Запись видео', 34, '2023-04-22 21:18:58.358079');
INSERT INTO public.activities (activity_id, name, lesson_id, created_at) VALUES (43, 'Подготовка теста', 34, '2023-04-22 21:19:03.903398');
INSERT INTO public.activities (activity_id, name, lesson_id, created_at) VALUES (44, 'Подготовка презентации', 35, '2023-04-22 21:19:29.759451');
INSERT INTO public.activities (activity_id, name, lesson_id, created_at) VALUES (45, 'Проверка домашнего задания', 35, '2023-04-22 21:19:36.844497');
INSERT INTO public.activities (activity_id, name, lesson_id, created_at) VALUES (46, 'Видео', 35, '2023-04-22 21:19:42.013436');
INSERT INTO public.activities (activity_id, name, lesson_id, created_at) VALUES (50, 'Подготовка презентации', 39, '2023-04-24 19:11:50.088096');
INSERT INTO public.activities (activity_id, name, lesson_id, created_at) VALUES (51, 'Запись видео', 39, '2023-04-24 19:11:56.320237');
INSERT INTO public.activities (activity_id, name, lesson_id, created_at) VALUES (52, 'Проверка домашнего задания', 39, '2023-04-24 19:12:05.391783');
INSERT INTO public.activities (activity_id, name, lesson_id, created_at) VALUES (53, 'Подготовка презентации', 40, '2023-04-24 19:12:37.243884');
INSERT INTO public.activities (activity_id, name, lesson_id, created_at) VALUES (54, 'Подготовка теста', 40, '2023-04-24 19:12:44.403425');
INSERT INTO public.activities (activity_id, name, lesson_id, created_at) VALUES (55, 'Запись видео', 41, '2023-04-24 19:13:25.51433');
INSERT INTO public.activities (activity_id, name, lesson_id, created_at) VALUES (56, 'Подготовка теста', 41, '2023-04-24 19:13:36.733695');
INSERT INTO public.activities (activity_id, name, lesson_id, created_at) VALUES (57, 'Проверка домашнего задания', 41, '2023-04-24 19:13:47.935434');
INSERT INTO public.activities (activity_id, name, lesson_id, created_at) VALUES (58, 'Проверка теста', 41, '2023-04-24 19:13:59.809488');
INSERT INTO public.activities (activity_id, name, lesson_id, created_at) VALUES (59, 'Подготовка презентации', 42, '2023-04-24 19:14:43.882868');
INSERT INTO public.activities (activity_id, name, lesson_id, created_at) VALUES (60, 'Запись видео', 42, '2023-04-24 19:14:51.591691');
INSERT INTO public.activities (activity_id, name, lesson_id, created_at) VALUES (61, 'Подготовка олимпиады', 44, '2023-04-24 19:24:34.697935');
INSERT INTO public.activities (activity_id, name, lesson_id, created_at) VALUES (65, 'Проверка домашнего задания', 45, '2023-04-24 19:31:14.839128');
INSERT INTO public.activities (activity_id, name, lesson_id, created_at) VALUES (64, 'Организация воркшопа', 45, '2023-04-24 19:31:09.027762');
INSERT INTO public.activities (activity_id, name, lesson_id, created_at) VALUES (63, 'Подготовка презентации', 45, '2023-04-24 19:31:01.25358');
INSERT INTO public.activities (activity_id, name, lesson_id, created_at) VALUES (68, 'Проведение семинара', 46, '2023-04-24 19:31:56.922713');
INSERT INTO public.activities (activity_id, name, lesson_id, created_at) VALUES (69, 'Создание онлайн-теста', 46, '2023-04-24 19:32:05.817126');
INSERT INTO public.activities (activity_id, name, lesson_id, created_at) VALUES (66, 'Разработка набора задач', 46, '2023-04-24 19:31:42.601529');
INSERT INTO public.activities (activity_id, name, lesson_id, created_at) VALUES (62, 'Создание интерактивных визуализаций', 45, '2023-04-24 19:30:55.771403');
INSERT INTO public.activities (activity_id, name, lesson_id, created_at) VALUES (67, 'Подготовка видеоурока', 46, '2023-04-24 19:31:51.246538');
INSERT INTO public.activities (activity_id, name, lesson_id, created_at) VALUES (72, 'Тест активность', 48, '2023-04-25 08:53:28.790552');


--
-- Data for Name: activity_records; Type: TABLE DATA; Schema: public; Owner: postgres
--

INSERT INTO public.activity_records (record_id, teacher_id, activity_id, hours, comment, created_at) VALUES (9, 131898478, 19, 2.00, '2', '2023-04-22 21:58:18.287134');
INSERT INTO public.activity_records (record_id, teacher_id, activity_id, hours, comment, created_at) VALUES (10, 131898478, 20, 1.00, '1', '2023-04-22 21:58:33.632238');
INSERT INTO public.activity_records (record_id, teacher_id, activity_id, hours, comment, created_at) VALUES (11, 131898478, 23, 2.00, NULL, '2023-04-22 21:58:51.287484');
INSERT INTO public.activity_records (record_id, teacher_id, activity_id, hours, comment, created_at) VALUES (13, 131898478, 35, 2.00, NULL, '2023-04-22 22:28:02.361982');
INSERT INTO public.activity_records (record_id, teacher_id, activity_id, hours, comment, created_at) VALUES (14, 131898478, 35, -2.00, '-2', '2023-04-22 22:28:31.295092');
INSERT INTO public.activity_records (record_id, teacher_id, activity_id, hours, comment, created_at) VALUES (15, 131898478, 37, 1.12, NULL, '2023-04-23 23:02:36.921593');
INSERT INTO public.activity_records (record_id, teacher_id, activity_id, hours, comment, created_at) VALUES (16, 131898478, 51, 1.50, '1,,5', '2023-04-24 19:21:20.170213');
INSERT INTO public.activity_records (record_id, teacher_id, activity_id, hours, comment, created_at) VALUES (17, 131898478, 69, 1.00, 'Сложный тест!', '2023-04-24 19:34:21.818621');
INSERT INTO public.activity_records (record_id, teacher_id, activity_id, hours, comment, created_at) VALUES (18, 438003435, 65, 10.00, NULL, '2023-04-24 21:05:49.046069');
INSERT INTO public.activity_records (record_id, teacher_id, activity_id, hours, comment, created_at) VALUES (19, 438003435, 64, 20.00, NULL, '2023-04-24 21:06:20.794241');
INSERT INTO public.activity_records (record_id, teacher_id, activity_id, hours, comment, created_at) VALUES (20, 131898478, 69, 3.50, NULL, '2023-04-25 08:50:54.360893');
INSERT INTO public.activity_records (record_id, teacher_id, activity_id, hours, comment, created_at) VALUES (21, 131898478, 72, 1.00, NULL, '2023-04-25 08:53:51.160078');


--
-- Data for Name: course_join_codes; Type: TABLE DATA; Schema: public; Owner: postgres
--

INSERT INTO public.course_join_codes (code_id, course_id, comment, activated_by_teacher_id, created_at) VALUES ('TXq54kwlZjH6', 24, 'Примечание тест', NULL, '2023-04-22 14:41:05.702463');
INSERT INTO public.course_join_codes (code_id, course_id, comment, activated_by_teacher_id, created_at) VALUES ('a82TLzWc7FMP', 24, 'Мой код!', 131898478, '2023-04-22 15:03:34.051835');
INSERT INTO public.course_join_codes (code_id, course_id, comment, activated_by_teacher_id, created_at) VALUES ('SBJ5iWf3rPyQ', 26, NULL, 131898478, '2023-04-24 19:20:40.232737');
INSERT INTO public.course_join_codes (code_id, course_id, comment, activated_by_teacher_id, created_at) VALUES ('RM2a9Xtk1yTn', 27, NULL, 131898478, '2023-04-24 19:32:36.176607');
INSERT INTO public.course_join_codes (code_id, course_id, comment, activated_by_teacher_id, created_at) VALUES ('8RtIx34HdWyi', 27, NULL, 438003435, '2023-04-24 21:04:32.840656');
INSERT INTO public.course_join_codes (code_id, course_id, comment, activated_by_teacher_id, created_at) VALUES ('6mStiWmfw23s', 29, NULL, 131898478, '2023-04-25 08:53:38.300158');


--
-- Data for Name: courses; Type: TABLE DATA; Schema: public; Owner: postgres
--

INSERT INTO public.courses (course_id, name, description, created_at) VALUES (24, 'Математика 5-6', 'Математика для 5-6 классов', '2023-04-22 14:22:53.665567');
INSERT INTO public.courses (course_id, name, description, created_at) VALUES (26, 'Математика 7-8', NULL, '2023-04-24 19:11:28.436955');
INSERT INTO public.courses (course_id, name, description, created_at) VALUES (27, 'Программирование 10-11', 'Курс по подготовке к олимпиадам школьников старших классов', '2023-04-24 19:30:32.640656');
INSERT INTO public.courses (course_id, name, description, created_at) VALUES (29, 'Тест курс', 'Тест описание 34', '2023-04-25 08:53:13.336951');


--
-- Data for Name: excel_reports; Type: TABLE DATA; Schema: public; Owner: postgres
--

INSERT INTO public.excel_reports (report_id, file_data, created_at) VALUES (31, '\x504b0304140000000800519c9856465ac10c82000000b100000010000000646f6350726f70732f6170702e786d6c4d8e4d0bc2301044ff4ae9dd6e55f0203120d4a3e0c97b4837369064437685fc7c53c18fdb3cde308cba15ca58c423773586c4a77e11c94700b60b46c343d3a91947251a69581e40ce798b13d967c424b01bc70360154c33ce9bfc1decb53ae71cbc35e229e9abb785989c74976a3128f8976bf38e85d7bc1fb66ff96105bf93fa05504b0304140000000800519c98564064042ced000000cb01000011000000646f6350726f70732f636f72652e786d6c9591c14ec3300c865f65eabd75db1424a2ac17102790909804e21625de16ad49a3c4a8dddb9396ad1b820bc7f8fffcd95684f25cf5015f42ef3190c1b81a6de722577e9ded893c07886a8f56c622112e85db3e5849e91976e0a53ac81d425d96b76091a496246112e67e316627a5568bd27f866e166805d8a1454711aaa2820b4b186cfcb3614e16728c66a186612806367369a30ade9f9f5ee7e573e32249a7306b85565c0594d48776bac81fc74ec055519c667f1750afd2044e478febec9cbcb1fb87cd63d6d665cdf2b2c9eb6653dd71d670567f4cae1ffd17a1edb5d99a7f1a6fae8c67412be0d7bfb55f504b0304140000000800519c9856995c9c23100600009c27000013000000786c2f7468656d652f7468656d65312e786d6ced5a5b73da38147eefafd07867f66d0bc63681b6b413736976dbb49984ed4e1f8511588d6c796491847fbf473610cb960ded924dba9b3c042ce9fbce4547e7e83879f3ee2e62e8868894f27860d92fdbd6bbb72fdee057322411413019a7aff0c00aa54c5eb55a6900c3387dc91312c3dc828b084b7814cbd65ce05b1a2f23d6eab4dbdd5684696ca1184764607d5e2c6840d054515a6f5f20b4e51f33f815cb548d65a30113574126b988b4f2f96cc5fcdade3e65cfe93a1d32816e301b58207fce6fa7e44e5a88e154c2c4c06a673f566bc7d1d2488082c97d9405ba49f6a3d31508320d3b3a9d58ce767cf6c4ed9f8ccada74346d1ae0e3f17838b6cbd28b701c04e051bb9ec29df46cbfa44109b4a369d064d8f6daae91a6aa8d534fd3f77ddfeb9b689c0a8d5b4fd36b77ddd38e89c6add0780dbef14f87c3ae89c6abd074eb692627fdae6ba4e916684246e3eb7a1215b5e540d32000587076d6ccd203965e29fa75941ad91dbbdd415cf058ee398911fec6c504d669d219963446729d90050e0037c4d14c507caf41b68ae0c292d25c90d6cf29b5501a089ac881f5478221c5dcaffdf597bbc9a4337a9d7d3ace6b947f69ab01a7edbb9bcf93fc73e8e49fa793d74d42ce70bc2c09f1fb235b6187276e3b13723a1c67427ccff6f691a52532cfeff90aeb4e3c671f5696b05dcfcfe49e8c7223bbddf6587df64f476e23d7a9c0b322d7944624459fc82dbae41138b5490d32133f089d86986a501c02a4093196a186f8b4c6ac11e0137db7be08c8df8d88f7ab6f9a3d57a15849da84f810461ae29c73e673d16cfb07a546d1f655bcdca3975815019718df34aa352cc5d67895c0f1ad9c3c1d1312cd940b06418697242612a9397e4d4813fe2ba5dafe9cd340f0942f24fa4a918f69b323a77426cde8331ac146af1b758768d23c7afe05f99c350a1c911b1d02671bb346218469bbf01eaf248e9aadc2112b423e6219361a72b51681b671a984605a12c6d1784ed2b411fc59ac35933e60c8eccd9175ced6910e11925e37423e62ce8b9011bf1e86384a9aeda2715804fd9e5ec349c1e882cb66fdb87e86d5336c2c8ef747d4174ae40f26a73fe9323407a39a5909bd84566a9faa87343ea81e320a05f1b91e3ee57a780a3796c6bc50ae827b01ffd1da37c2abf882c0397f2e7dcfa5efb9f43da1d2b737237d67c1d38b5bde466e5bc4fbae31dad7342e28635772cdc8c754af9329d8399fc0ecfd683e9ef1edfad92484af9a592d2316904b81b34124b8fc8bcaf02ac409e8645b2509cb54d365378a129e421b6ee953f54a95d7e5afb928b83c5be4e9afa1743e2ccff93c5fe7b4cd0b3343b7724beab694beb526384af4b1cc704e1ecb0c3b673c921db677a01d35fbf65d76e423a530539743b81a42be036dba9ddc3a389e9891b90ad352906fc3f9e9c5781ae239d904b97d98576de7d8d1d1fbe7c151b0a3ef3c961dc788f2a221eea18698cfc34387797b5f986795c65034146d6cac242c46b760b8d7f12c14e064602da00783af5102f2525560315bc6032b90a27c4c8c45e870e7975c5fe3d192e3dba665b56eaf2977196d225239c269981367abcade65b1c1551dcf555bf2b0be6a3db4154ecffe59adc89f0c114e160b1248639417a64aa2f31953bee72b49c45538bf4533b6129718bce3e6c7714e53b81276b60f0232b9bb39a97a653167a6f2df2d0c092c5b885912e24d5dedd5e79b9cae7a2276fa9777c160f2fd70c9470fe53be75ff45d43ae7ef6dde3fa6e933b484c9c79c5110174450223951c06161732e450ee9290061301cd94c944f0028264a61c8098fa0bbdf20cb92915cead3e397f452c83864e5ed22512148ab00c05211772e3efef936a778cd7fa2c816d84543264d517ca4389c13d337243d85425f3aeda260b85dbe254cdbb1abe26604bc37a6e9d2d27ffdb5ed43db4173d46f3a399e01eb387739b7ab8c245acff58d61ef932df3970db3ade035ee6132c43a47ec17d8a8a8011ab62bebaaf4ff9259c3bb47bf181209bfcd6dba4f6dde00c7cd4ab5aa5642b113f4b077c1f9206638c5bf4345f8f1462ada6b1adc6da310c798058f30ca16638df87459a1a33d58bac398d0a6f41d540e53fdbd40d68f60d341c91055e3199b636a3e44e0a3cdcfeef0db0c2c48ee1ed8bbf01504b0304140000000800519c9856e865871d9c060000502e000018000000786c2f776f726b7368656574732f7368656574312e786d6cdd5a5b73a336147eefaf60dc99be35a02340401c4f6d763aed43677676a7ed331b93c4b3b671816cda7f5f21898be0c862dd26bbd917637174c4b94b9fa4e553517eac1ef2bc76fe3eec8fd5cde2a1ae4f89eb56b70ff921abae8a537ee494bba23c64356f96f76e752af36c2b980e7b173c2f740fd9eeb8582dc5bbb7e56a593cd6fbdd317f5b3ad5e3e19095ff6cf27df174b3208bf6c5bbddfd432d5eb8abe529bbcfdfe7f5ef27cec09b6e37ce7677c88fd5ae383a657e77b35893e40d952ca2cb1fbbfca91afc771a6d3e14c5c7a6f1ebf666e13542e5fbfcb66ec6c8f8e3539ee6fb7d331417e52f35eaa2ff6ac339fcdf0effb3300097ef4356e569b1ff73b7ad1f6e16d1c2d9e677d9e3be7e573cfd922ba50231e06db1afc4aff3243b037f7ffb58d5c54171f30f1f76474ee0cfec6ff174e77150c541c71c243270f88ac397ca4ae1846a6fb23a5b2dcbe2c9299bee7cb8e68f309060e71aed8e8d3bdfd725a7ee385fbdfae17be2f9fe75f360201eb1d7b692a55bf34f341ddd5b35dc460e0762b826563eadfcc0f3bdab88046110c5be17d1a5fb4972b85c984e22e8240231043d235120258a987c4889a2782866140c698c5d3ba2a9742092188d18518da438fe3971003390120e335e2b71c7278463a17c4b9b07f1e8b513fc180ec596944ec3587b4866e65feb3a6836a69d8da9502a302a15f9ccbbc6ac6163e4d68835e386adaac868a97d345f33956e3fe66bae0e87f6903d89876af166fe77e5d8ad6b22cdb5e4fabb9faaec70e285c7dbe667ecee7776f7c587c3417a902e1da481650f3623fa63447b659238d6e2bd358d8a45aa05618005a8a6af1eae116ad254ca1d9d935b97543db497fae75bffea69d266bde60b166b9e0946a54ab47c4d193c30a416f1c03f8097aba07369200ba8a77844a1169e3411d2c06a2a9f69998ed4b926b29da1913ccdaaacb523a664305192e04a869d92a1d4854c943411d2f0a5e261546fe391eb3103849a01c44439549b756ab349bac2285d650f02e79c0943e9db800d91801dcd569c03d310c94de2b5c608a6a1d231523471d93791b8ecbc4ba3cea591295d4d84349a6da0083102d3b4364cf97a7d566a875a7d6623ab3b43eb81e6196405d42c2730b34573eb5ddc193036950213218dbf70bd8bcfc706f1fac5b03749783a4a78d5e5dc04ed532c5fb57068f3459b6063cdd5edfc0e9abeec4c2eb58147351a0cf36c149bf32325557abff63aa1d43007c300191153a41b29a9a27cb958570298f5eb71168149b0fbe36007fbf4166862c533e6351d7e316d7ad4cb9dcecf17dc8e6a3a485f6cb8d138fae2608c95940be1db0874b004420f060935cd89464aaa28dfe6aca89433dbae0774c43716091325252f86952e581b13dfa27b8f7c48302920c1b8800476388bede2a09b281daa45016c07ca8779a346a3ffb9f0a095c20ee45e45a5082c1eef6120098d95c24449891d093ef39468817ba4c77b8419b3d94449c98b01a84bb2d9828b480f8c4834c9e6709ccdd18ce5c067ec4ea1b98e2d69672c9e0ddb52643e7afbaa7334b2f8b1c7672436e6a88992123b447bc5b3b905ff418fffc033e5bf9192821d183d6f7d030ba4811ed20099e4381be5b8ea7216df02e6f5b0f5c13061ce6fcdebab79f498c97e8a720e354b0671968296cce9687a97c9410d5662c08ef95e4389010b7284c1091d18d3c44449c10eab9e394d744024b6bdaf8861bb0b7a7404749233d13867e8ff3a2fa2f39b1e2da3c4ba787a84f930eeab8e5d0b60831eb0816f9a1e8d9414e603b6d7373d8205f0410ff82030e6bd8992c28b81a40b96c760813ed0431f082765201e9781d00e762fbc2af039931cd54ca503d9514eb653af969473b6f0ce451d9755db9e83d972c538ce86173b4b7cde2265c1a1d0e35060c62265a2a460c7a1cf3cc15ab026f45813226321315152783124774921b1e033e8f119c4d33b20deb892c4cfb1ef7e41d232dd4e6abcc8feadaeb4e8a758fad9f5fc1b3b29cc47a85f750db06051da6351ea996a809192d2f98774af6fa1422d3897f638971a8fee8c9494ce38bad3cf62e714456a4255eee052e6212fefc585d5cab92d1e8fb5c2ecddebf65a2c24e2bcc19d92204c4451c54871b256b76947a40d0912b1b18971d1442cf7102e48524079fca4b9278470f8c9062770b13706b1b96c6b5cb60d4b9abb06983e5e22ce66317d4822602bc605c9c660563ee01a1f7043a2446c0a615ad16483db6ecd92352e3af7d2c6e0252efa06177dcd85582b21dc3e88e44debdfb2f27e77ac9c7d7ec703cabb625ca252de5c968dba38898bbf1f8aba2e0ee2ef439e6df3b2e9c0e9774551778de60bdd25f2d5bf504b0304140000000800519c9856452da990390400000a15000018000000786c2f776f726b7368656574732f7368656574322e786d6cdd585b8fa336147eefaf40a9d4c7c106830db9a8134655fb5069b5ab6d9f99c449d0024ec1996cff7d8d6d08267632adbad79710fbf81c9fef3b178c1767d67c680f9472ef6355d6ed7276e0fc98fa7ebb39d02a6f1fd891d642b2634d9573316cf67e7b6c68be954a55e90700c47e9517f56cb590736f9ad5829d7859d4f44de3b5a7aaca9bbfd7b464e7e50ccefa89b7c5fec0e584bf5a1cf33d7d47f9fba35010437fb0b32d2a5ab705abbd86ee96b347983ec148aac8257f14f4dc8efe7b1d9a67c63e7483dfb6cb19e89ca225ddf0ce462e1e2f34a365d99912aefca5adce2ebb769ae3ffbdf95f2401c2bfe7bca5192bff2cb6fcb09c9199b7a5bbfc54f2b7ecfc2bd5a0948b1b56b6f2d73babc58198df9c5ace2aad2d36ae8a5a08c433ff289ffeeb3442ad114e3520716820ad811458e59c84f694f37cb568d8d96bbae5c25cf7471224d505a2a2eec2f98e37425a083dbefae94708109a770f1cc84702fa51baf0b9d8a25be86fb4b9b5321748735daebcac5004107820308ae30490208c16fe8bd2f085338347c1e051204d84373c8a944704ab87f288246337493496613cf7e45063804a48268a5644ca1da4114956c77e8783dfa15c1839fd260883b96d877b8a027062381ccf35188bb5ecbe3504e6633280c11432e88bc70ca9951058513cbd7e5f651bc7634c58c712ce7ff8b9cdaba32866b0a5e63e06ef68e01dc98de351cac121c514c16a05be453030f0ea8c0f8dfc8a2c65400c10c42016dbe3a39c21b79c31c8d73c6163d2dcbe0fdab0af372e0f83609c187447939a96236480b1475ba1485c55110dd189547f01a3952a282e4116dd250861a3d42d6da04b526f4c0d30b8c43d7b366891014de6d383a369c503cc58a18157305d822c7e751e104bacb111dc49e4fbd232b359473736b2194f92cb1b274960906669ac1084560ae3dbd98107daf055ed0693da552b60708b273289ea5549767e4a6489f15a20663158b164f8bba8577c3b226488087125b24b9091cf4550020c2e92091736d8e436ec64809d5c25623849c4e4ee4b0485b63c34eab587394d4e5be2255fb80f26b7b983e0728604ae26ef94645af275a68d76ce8d7d747e864eec2e49a625df67efd7e0dcdc5d4efa3070351ba724d3924fc2dd7fc994e00edacbf7010caf7a0c9af418bde4e6dbae3f4587e3e8f5b10c8d5788fd00aa37f9d6df681a869bf9cb170244ce3c73493278ff9cfe69db2fbc73c4869733368cae322b9e6656f4afcf51c88ce59068aa54e024e0d7bde3f2c164cdc2fbc7fcff2b0be371c1f4f1b15d21984d2f49ec71891c71f147d72c156df6f20aaaf536ec5473fdca18a6d545d73a4833751934113ca2b4fba2b008925476cd6bc91aa56babca3a49d77615d19152591b1625215adb458ffadeeb4ac33afd88d3ee4869598fd3b512f817b2d41de1ef79b32fead62be94e10071eb0b0dca83b3735e0ec28afac9e19e7ac927f0f34dfd2a65b20e43bc6f830e87618ae3f57ff00504b0304140000000800519c985603cab713490400007412000018000000786c2f776f726b7368656574732f7368656574332e786d6cbd585b8fe236147eefaf8852a96f9d38573b0ca00e1955edc34aab5dedf6390306a2cd852666d8fefb3abe049fe00454b57dc1b18fcfed3b171b2f2f4dfbad3b52ca9cef5559772bf7c8d869e179ddf648abbc7b6a4eb4e6947dd35639e3d3f6e075a796e63bc154955e8050e2557951bbeba558fbd8ae97cd9995454d3fb64e77aeaabcfd6b43cbe6b2727d572f7c2a0e472616bcf5f2941fe867cabe9c38039f7a839c5d51d1ba2b9ada69e97ee5bef88b575fb2882d5f0b7ae98c6fa7f7e6ad69bef593df772b17f546d1926e592f23e7c33bcd6859f6a2b8297f2aa9ee556bcf697e6bf1bf0a00b87d6f7947b3a6fca3d8b1e3ca25aeb3a3fbfc5cb24fcde537aa9c8a85c06d5376e2d7b9c8cd015fdf9e3bd6548a9b2bae8a9a13f8987f17a3f71847a838c231874f263822c5114967a571c2b5d79ce5eb65db5c9cb6dfcec5f51f0220c1ce3d2aea3e9c9f59cba905e763eb9f7ef451143df7030ec490223d5b2c3dc655f41bbdad12b791e20221aecf95f77514a3083d113f4e30c1849068e9bd4b0e8f1b3358140c160542443863512c2d22580ed222929a6692d8a461fcec88a9f2c197443262b47a24cd89e6cc4176a98e6964329e0a9d6a88cd4585b0dea27c0dc68e38c6261202246cf0285cb4c640ef1462d2c4540284fa085900853bb112a3904c8146858756a1b00a414094fd9a2305c3a0034607644f38644f28c2154f868b44183ddbe27c8f91c73905011e30b348cbee4b8b00923ae808041de40540b70f8b45efebe37a63331f944f58a58cfffcc32f5d5e9d784b453b3a837b34e01e09c58951f8fe50e81260b9033f605a68a90a8d3a0270499cd29b5abbed0bba8074e12090b250090c068c37ac47628d42265d2573b9144fcbd6512036c375c0121300dd9b13105a3c8251f28336396a07668dfb28b46698f42d558116a78c9911f19011b13c5990b15326c214218befc31681748d675a3ef0338d469e39662c130bde29c4196b693648e27948920192640a922942963c9c49fff4440960ed8046a041c426c0b0bd036427eae1359907080f006189837f03d01421c3f70182476e7a2ff1af872cb2b90d710a1e6de2690a0e3e0c605346a91b040687e2fd7ceefbb50d753c8f3a19502737bd3b18f56eb9c30fee5f132168d77b86d9bc417f82fd594709dbb292c0e4263615d00a6b7b9d88b9ad91937fa391e304f86bcf35586973580e6edb624ee6639e0e314fa75ad114214bffc34a0307d7e836e86bdacf96321cdf386d98a40013783501e8f8e8fab7084de13349c91465162100064e47111543686bdda3661d4f735ca5dd3def7921daf0527e4c26916ffc7bf4a71af624255394ffe14c1b3559588689d9726feef433e9a4ecbf85c733fe6757b43d883788ced936e79ac98bd1b0aa1e3aa2457fe27937844db0c8021be1852c5ed4d3c898852c36139468b1915abcab55f235e643de1e8aba734abae716a227cc6f32ad7cdd9013d69cc4e3c05bc3585389cf23cd77b4ed3770fabe69d830e9350c0f4debbf01504b0304140000000800519c985698c432f85d030000d81300000d000000786c2f7374796c65732e786d6cdd586d6f9b3010fe2b88ef2d496851a842a42d5dd549cb54a9fdb07d748209966ccc8cd325fdf5f3d98490974bdf92751aa8c5be87e7eef1f9b0dd0e2abde4f43ea7547b0bc18b2af173adcbab20a8a63915a43a97252d0c92492588365d350baa5251925640123ce8753a5120082bfce1a0988b1ba12b6f2ae7854efc5e63f2dce36b9af8dde8c2f79cbb914c69e22fcd7526c4599a7af995105755e57bc15ee2e526f1fafa7c3c3eff692eeff6f66a3cb6b4a0d6301c64b2d8940206e39708ea3d129ef823c2d944314bcb88607ce9ec3d6b994a2e95a74d164ca8ae35554fee856edd8514d5be042ba472025c18f77b5213da887d803ec679a3efc27786e1a0245a5355dc988e2359eb2e56b71f96a5d1375364d9ed5dfa2f675492b31482ce4676a06a3649fc4ee78bbdad9f098a042dafef8c7763af7df15ac8de78f661d238912aa5aa49e4a5bf320d079c661af88acd72dbd0b2b491a4d652402b6564260be232bda26dd0ed0792f83a3705bef6b56d05c7dbb63acab6f935614e2df92f38de46f746a91b6636a794f37ba0fcc89a29ed9a295d64ad95a003eb40d1344d1dd44de7a6ee4080b63be7bced377c9be3923d4afd796e8657d8feafb9d4f44ed18c2d6c7f91ad1560eebb27705f2f90cfea2765c9979f389b1582bafcbe38e67040563c2f978a3d9968b0c04179b88c2fb2370dfa489a7e2b523ed0856e96dc43723e22458f54693685fed4bc40d5db93d63d89ca95aa5725f26324be2b95bdd3e8dcd574948a3c9ec07f4cce71e615d3191e67adc6dc5f1c7d2b083fb42a837a7f6cedc21b7b7063f5e00c9df8dfe12cce5b839ccc19d7aca87b394b535aec6ec5c6bf2613f357c74600f3564a3332e7faa101137fdd1ed394cd45dcbc750779a8df5ab7bfc189a41bad0ff026182b52baa0e9a8ee9ae3e5c639d35dee3cb305b58ea0bb10ca7220020188c64265a02cc74363fd8fe3eae3e37220aab0bf1feae3ac3ece72bcbdd0c8de682c84159b0b19721c876114a1e91d8df6cb18a1398c22f8411ca20a8183c68268afcdfc8102385036cfd4063acb07cb061df2811245877c20f3002139044e1c230580c6020e3a29684581082416941ac20a4398675421fa991f80e21885a04891ea8d222c5111dcc87ca11f5118c631020188c8084314820ff60084ca00212814866e23dddacf82d53e17acff9737fc03504b0304140000000800519c9856b747eb8ac0000000160200000b0000005f72656c732f2e72656c739d924b6e02310c40af12655f4ca9c40231acd8b043880bb889e7a399c49163c4f4f68dd8c02068114bff9e9e2daf0f34a0761c73dba56cc630c45cd95635ad00b26b29609e71a2582a354b402da13490d0f5d8102ce6f325c82dc36ed6b74c73fc49f40a91ebba73b465770a14f501f8aec39a234a435ad97180334bffcddccf0ad49a9dafacecfca735f0a6ccf3f52090a24745702cf491a44c8b7694af3e9eddbea4f3a56362b478dfe8fff3d0a8143df9bf9d30a589d2d74509266fb0f905504b0304140000000800519c9856fb7f7d3e86010000eb0200000f000000786c2f776f726b626f6f6b2e786d6c8d92cd4a243110c75fa5c97decee719dd5c1f6a2e80acb2a2ade33ddd576613e9a24e3ec7a129f43f015066540447d86f84656d28c3608ba9754fe55c5af3e92cd9936e713adcf93bf52283b36056b9c6bc7696acb0624b72bba0545b15a1bc91d497396eabac61276743995a05c3accb2516a4070875ad9065bcb3adaffb06c6b8057b60170527428c951b1adcd6567872649fb4a3b2843a5e00d9e538499fd480832b9408b1314e8fe152cde05b044a242899750152c63896df4ec973678a995e3e2b8345a8882e55de0148cc3f293fb38b479c227367a1c9f1c85990b36ca0858a3b12e66443ea7262f80923b35757a178503b3c31dec193d6d519d450c8d91f6e688ab58da44710905f3377efe7aed17fe29da07ffe8e7c9da6014baa2acfdaaebd011ba37af192305cc7ed515f916f873b0de030ebf000e3f036f5faffc8bbfa7734ed027ff10f51da967c22f923c1be4790fbffa057eb55bca721315d4a8a0fa43856c08d0bb94f4298289930f7face51bb4ffa910dbe43b50bf35afde57bbfc175b6f504b0304140000000800519c98560b085d06bc0000001f0300001a000000786c2f5f72656c732f776f726b626f6f6b2e786d6c2e72656c73cd93390e83301045af62f9000c4b922282546968232e60c1b088c59667a2c0ed83a0004b29d2a0a4b2fe587eff15e3f8819de2460f543786c4d8770325b266365700ca6bec1579dae030df94daf68ae7682b302a6f558510fafe05ec9e216ff19e29b2c9e037445d964d8e779d3f7b1cf803185edab65423b21499b215722261ecb631c17204de4c96222d1269d32290027e6d143a46e11f18458e5174a411f1d4216d3a6b76fa4f47f6f3fc16b7fa25ae437751ce8b0438ffe1f606504b0304140000000800519c9856dbfbce8f24010000e9040000130000005b436f6e74656e745f54797065735d2e786d6ccd54cb4ec33010fc95c8d72a71291207d4f4025ca1077ec0249bc68a5ff26e4bfaf76c121a09545aaa20d14bac786767c63bb297affb0098b4d638cc454d14eea5c4a206ab30f3011c572a1fad22fe8d1b1954d1a80dc8c57c7e270bef081ca5d47188d5f2112ab535943cb5bc8ddabb5c443028928701d869e542856074a188eb72e7ca6f2ae9a742c69d3d066b1d70c60091c8a3127de9478543e3cb0e62d425246b15e9595986c9d648a4bd01cc4e731c71e9ab4a1750fa626bb925c310419558039035d9403a3b234d3c6418be37930df434271519ba8e3e20a716e172bd432c5d771a980822e933871c25997bf209a14bbc84f2b7e23ce1771f9b3e1394fd327dcc5f731ef92f35b2b81623b7ff69e4cdfbe6af6f5eb7665669371a90fd0bb7fa00504b01021403140000000800519c9856465ac10c82000000b1000000100000000000000000000000800100000000646f6350726f70732f6170702e786d6c504b01021403140000000800519c98564064042ced000000cb0100001100000000000000000000008001b0000000646f6350726f70732f636f72652e786d6c504b01021403140000000800519c9856995c9c23100600009c2700001300000000000000000000008001cc010000786c2f7468656d652f7468656d65312e786d6c504b01021403140000000800519c9856e865871d9c060000502e000018000000000000000000000080810d080000786c2f776f726b7368656574732f7368656574312e786d6c504b01021403140000000800519c9856452da990390400000a1500001800000000000000000000008081df0e0000786c2f776f726b7368656574732f7368656574322e786d6c504b01021403140000000800519c985603cab713490400007412000018000000000000000000000080814e130000786c2f776f726b7368656574732f7368656574332e786d6c504b01021403140000000800519c985698c432f85d030000d81300000d00000000000000000000008001cd170000786c2f7374796c65732e786d6c504b01021403140000000800519c9856b747eb8ac0000000160200000b00000000000000000000008001551b00005f72656c732f2e72656c73504b01021403140000000800519c9856fb7f7d3e86010000eb0200000f000000000000000000000080013e1c0000786c2f776f726b626f6f6b2e786d6c504b01021403140000000800519c98560b085d06bc0000001f0300001a00000000000000000000008001f11d0000786c2f5f72656c732f776f726b626f6f6b2e786d6c2e72656c73504b01021403140000000800519c9856dbfbce8f24010000e90400001300000000000000000000008001e51e00005b436f6e74656e745f54797065735d2e786d6c504b0506000000000b000b00ca0200003a2000000000', '2023-04-24 19:34:35.468468+00');
INSERT INTO public.excel_reports (report_id, file_data, created_at) VALUES (32, '\x504b0304140000000800e3a59856465ac10c82000000b100000010000000646f6350726f70732f6170702e786d6c4d8e4d0bc2301044ff4ae9dd6e55f0203120d4a3e0c97b4837369064437685fc7c53c18fdb3cde308cba15ca58c423773586c4a77e11c94700b60b46c343d3a91947251a69581e40ce798b13d967c424b01bc70360154c33ce9bfc1decb53ae71cbc35e229e9abb785989c74976a3128f8976bf38e85d7bc1fb66ff96105bf93fa05504b0304140000000800e3a59856381e117ded000000cb01000011000000646f6350726f70732f636f72652e786d6c9591c16ac3300c865fa5e49ec8714207c6f5a563a70d062b6cec666cb5358b13636b247dfb25599b766c971dadffd327094b1384e9223ec72e6024876935f8a64dc2844d76240a022099237a9d8a9168c770df45af697cc603046d3ef4018133b6068fa4ad260d93300f8b313b2bad5994e13336b3c01ac0063db694a02c4ab8b284d1a73f1be6642187e416aaeffba2af666edca884b7a7c79779f9dcb589746b3053d21a61226aeaa29a2e0aa7a191705394e7d9df05b4ab7182a053c04d76495eabedfdee21539cf12a6775ceeb1d67a2be13ac7e9f5c3ffaaf42df59b777ff34ae6f8c178192f0ebdfd417504b0304140000000800e3a59856995c9c23100600009c27000013000000786c2f7468656d652f7468656d65312e786d6ced5a5b73da38147eefafd07867f66d0bc63681b6b413736976dbb49984ed4e1f8511588d6c796491847fbf473610cb960ded924dba9b3c042ce9fbce4547e7e83879f3ee2e62e8868894f27860d92fdbd6bbb72fdee057322411413019a7aff0c00aa54c5eb55a6900c3387dc91312c3dc828b084b7814cbd65ce05b1a2f23d6eab4dbdd5684696ca1184764607d5e2c6840d054515a6f5f20b4e51f33f815cb548d65a30113574126b988b4f2f96cc5fcdade3e65cfe93a1d32816e301b58207fce6fa7e44e5a88e154c2c4c06a673f566bc7d1d2488082c97d9405ba49f6a3d31508320d3b3a9d58ce767cf6c4ed9f8ccada74346d1ae0e3f17838b6cbd28b701c04e051bb9ec29df46cbfa44109b4a369d064d8f6daae91a6aa8d534fd3f77ddfeb9b689c0a8d5b4fd36b77ddd38e89c6add0780dbef14f87c3ae89c6abd074eb692627fdae6ba4e916684246e3eb7a1215b5e540d32000587076d6ccd203965e29fa75941ad91dbbdd415cf058ee398911fec6c504d669d219963446729d90050e0037c4d14c507caf41b68ae0c292d25c90d6cf29b5501a089ac881f5478221c5dcaffdf597bbc9a4337a9d7d3ace6b947f69ab01a7edbb9bcf93fc73e8e49fa793d74d42ce70bc2c09f1fb235b6187276e3b13723a1c67427ccff6f691a52532cfeff90aeb4e3c671f5696b05dcfcfe49e8c7223bbddf6587df64f476e23d7a9c0b322d7944624459fc82dbae41138b5490d32133f089d86986a501c02a4093196a186f8b4c6ac11e0137db7be08c8df8d88f7ab6f9a3d57a15849da84f810461ae29c73e673d16cfb07a546d1f655bcdca3975815019718df34aa352cc5d67895c0f1ad9c3c1d1312cd940b06418697242612a9397e4d4813fe2ba5dafe9cd340f0942f24fa4a918f69b323a77426cde8331ac146af1b758768d23c7afe05f99c350a1c911b1d02671bb346218469bbf01eaf248e9aadc2112b423e6219361a72b51681b671a984605a12c6d1784ed2b411fc59ac35933e60c8eccd9175ced6910e11925e37423e62ce8b9011bf1e86384a9aeda2715804fd9e5ec349c1e882cb66fdb87e86d5336c2c8ef747d4174ae40f26a73fe9323407a39a5909bd84566a9faa87343ea81e320a05f1b91e3ee57a780a3796c6bc50ae827b01ffd1da37c2abf882c0397f2e7dcfa5efb9f43da1d2b737237d67c1d38b5bde466e5bc4fbae31dad7342e28635772cdc8c754af9329d8399fc0ecfd683e9ef1edfad92484af9a592d2316904b81b34124b8fc8bcaf02ac409e8645b2509cb54d365378a129e421b6ee953f54a95d7e5afb928b83c5be4e9afa1743e2ccff93c5fe7b4cd0b3343b7724beab694beb526384af4b1cc704e1ecb0c3b673c921db677a01d35fbf65d76e423a530539743b81a42be036dba9ddc3a389e9891b90ad352906fc3f9e9c5781ae239d904b97d98576de7d8d1d1fbe7c151b0a3ef3c961dc788f2a221eea18698cfc34387797b5f986795c65034146d6cac242c46b760b8d7f12c14e064602da00783af5102f2525560315bc6032b90a27c4c8c45e870e7975c5fe3d192e3dba665b56eaf2977196d225239c269981367abcade65b1c1551dcf555bf2b0be6a3db4154ecffe59adc89f0c114e160b1248639417a64aa2f31953bee72b49c45538bf4533b6129718bce3e6c7714e53b81276b60f0232b9bb39a97a653167a6f2df2d0c092c5b885912e24d5dedd5e79b9cae7a2276fa9777c160f2fd70c9470fe53be75ff45d43ae7ef6dde3fa6e933b484c9c79c5110174450223951c06161732e450ee9290061301cd94c944f0028264a61c8098fa0bbdf20cb92915cead3e397f452c83864e5ed22512148ab00c05211772e3efef936a778cd7fa2c816d84543264d517ca4389c13d337243d85425f3aeda260b85dbe254cdbb1abe26604bc37a6e9d2d27ffdb5ed43db4173d46f3a399e01eb387739b7ab8c245acff58d61ef932df3970db3ade035ee6132c43a47ec17d8a8a8011ab62bebaaf4ff9259c3bb47bf181209bfcd6dba4f6dde00c7cd4ab5aa5642b113f4b077c1f9206638c5bf4345f8f1462ada6b1adc6da310c798058f30ca16638df87459a1a33d58bac398d0a6f41d540e53fdbd40d68f60d341c91055e3199b636a3e44e0a3cdcfeef0db0c2c48ee1ed8bbf01504b0304140000000800e3a5985667d003ca9b0600004e2e000018000000786c2f776f726b7368656574732f7368656574312e786d6cdd5a5b73a336147eefaf60dc99be35a02340401c4f6d763aed43677676a7ed331b93c4b3b671816cda7f5f21898be0c862dd26bbd917637174c4b94b9fa4e553517eac1ef2bc76fe3eec8fd5cde2a1ae4f89eb56b70ff921abae8a537ee494bba23c64356f96f76e752af36c2b980e7b173c2f740fd9eeb8582dc5bbb7e56a593cd6fbdd317f5b3ad5e3e19095ff6cf27df174b3208bf6c5bbddfd432d5eb8abe529bbcfdfe7f5ef27cec09b6e37ce7677c88fd5ae383a657e77b35893e40d952ca2cb1fbbfca91afc771a6d3e14c5c7a6f1ebf666e13542e5fbfcb66ec6c8f8e3539ee6fb7d331417e52f35eaa2ff6ac339fcdf0effb3300097ef4356e569b1ff73b7ad1f6e16d1c2d9e677d9e3be7e573cfd922ba50231e06db1afc4aff3243b037f7ffb58d5c54171f30f1f76474ee0cfec6ff174e77150c541c71c243270f88ac397ca4ae1846a6fb23a5b2dcbe2c9299bee7cb8e68f309060e71aed8e8d3bdfd725a7ee385fbdfae17be2f9fe75f360201eb1d7b692a55bf34f341ddd5b35dc460e0762b826563eadfcc0f3bdab280c3d12853e5dba9f647f978bd2c9039d3c2006a067e409a43c11930f294f140f858c82218db16b473495064412a31123aa8f14c73f270e60e651c261a66b25eef884702c946f69f3201ebd76821fc3a1d892d269186b0fc9ccfc6b5d07cdc6b4b331154a0546a5229f79d798356c8cdc1ab166dcb05515192db58fe66ba6d2edc77ccdd5e1d01eb227f1502ddeccffae1cbb754da4b9965c7ff753951d4ebcec78dbfc8cddfdceeebef87038480ed2a58334b0ecc166447f8c68af4c12c75abcb7a651b148b5200cb000d5f4d5c335424d9a4ab9a37372eb92aa87f652ff7ceb5f3d4ddaacd77cc162cd33c1a8508996af29830786d4221ef807f07215742e0d64f9f4148f28d3c29326421a584de5332dd3913ad744b6333492a75995b576c4940c264a125cc9b0533294ba90899226421abe543c8cea6d3c723d66805033809826876ab34e6d36495718a5abec41e09c3361287d1bb02112b0a3d98a73601a22b949bcd618c134543a468a262efb2612979d7769d4b93432a5ab899046b30d142146609ad686295fafcf4aed50abcf6c647567683dd03c83ac809ae50466b6686ebd8b3b03c6a6526022a4f117ae77f1f9d8205ebf14f626094f4709afba9c9ba07d8ae5ab160e6dbe68136cacb9ba9ddf41d3979dc9a536f0a84683619e8d62737ea4a44aefd75e27941ae66018e022628a74232555942f17eb4a00b37e3dce223009767f1cec609fde024dac78c6bca6c32fa64d8f7ab9d3f9f982db514d07e98b0d371a475f1c8cb19272217c1b810e9640e8c120a1a639d1484915e5db9c15957266dbf5808ef8c62261a2a4e4c5b0d2056b63e25b74ef910f09260524181790c00e67b15d1c7413a543b52880ed40f9306fd468f43f171eb452d881dcaba81481c5e33d0c24a1b152982829b123c1679e122d708ff4788f3063369b28297931007549365b7011e981118926d91c8eb3399ab11cf88cdd2934d7b125ed8cc5b3615b8acc476f5f758e46163ff6f88cc4c61c355152628768af7836b7e03fe8f11f78a6fc375252b003a3e7ad6f608134d0431a20931c67a31c575dcee25bc0bc1eb63e1826ccf9ad797d358f1e32d94f51cea166c920ce52d092391d4def3239a8c14a0cd831df6b283160418e3038a103639a982829d861d533a7890e88c4b6f715316c77418f8e804e72261ae70cfd5fe745747ed3a3659458174f8f301fc67dd5b16b016cd00336f04dd3a39192c27cc0f6faa647b0003ee8011f04c6bc37515278319074c1f2182cd0077ae803e1a40cc4e33210dac1ee8557053e6792a39aa974203bcac976ead59272ce16deb9a8e3b26adb73305bae18c7d9f0626789cf5ba42c38147a1c0acc58a44c9414ec38f49927580bd6841e6b42642c24264a0a2f86e42e2924167c063d3e83787a07c41b5792f839f6dd2f485aa6db498d17d9bfd59516fd144b3fbb9e7f632785f908f5abae01162c4a7b2c4a3d530d3052523aff90eef52d54a805e7d21ee752e3d19d9192d2194777fa59ec9ca2484da8ca1d5cc93ce4e5bdb8ae5a39b7c5e3b15698bd7bdd5e8a85449c37b85312848928aa18294ed6ea2eed88b42141223636312e9a88e51ec205490a288f9f34f784100e3fd9e0042ef6c62036976d8dcbb6614973d700d3c74bc4d92ca60f49046cc5b820d918ccca075ce3036e4894884d214c2b9a6c70dbad59b2c645e75eda18bcc445dfe0a2afb9106b2584db0791bc67fd5b56deef8e95b3cfef784079578c4b54ca7bcbb251172771edf74351d7c541fc7dc8b36d5e361d38fdae28eaaed17ca1bb42befa17504b0304140000000800e3a59856521363a4390400000a15000018000000786c2f776f726b7368656574732f7368656574322e786d6cdd585b8fa336147eefaf4054eae36083c1402eeac0a86a1f2aad76b5ed339338095ac0293893edbfafb10dc1c44ea655f73a0f03f6f1393edf772e385e9e69fba13b10c29c8f75d5742bf7c0d831f5bc6e732075d13dd02369b86447dbba607cd8eebdeed892622b94eacaf30188bcba281b77bd14736fdaf5929e585536e44deb74a7ba2edabf3352d1f3ca85ee30f1b6dc1f9898f0d6cb63b127ef087b7fe40a7ce88d76b6654d9aaea48dd392ddca7d84e9130c858a58f24749cedde4dde9d13c53faa11ffcb65db9a0778a5464c37a1b057fbc909c54556f8abbf297b2ea5e76ed35a7ef83f95f0401dcbfe7a22339adfe2cb7ecb07263d7d9925d71aad85b7afe952850d2c50dad3af1df39cbc53e9fdf9c3a466ba5cd37aecb860bf8b3f8289edeeb3402a511cc35606cd1404a0349b0d23901eda960c57ad9d2b3d3f6cbb9b9fe451024d439a2b2e9c3f98eb55c5a723db6fee94708105af40fec8b47028651baf418dfa25fe86d94b94c9af385b93e575ed62804083cc45104fcc4e77f78e9bd480d8f3b337ae48f1ef9c24470c3a3507a1463f9901ec5c9d4cd389cca305e3862a83040298c678a4644d21da4100956a77e07a3df8158185afd8e11060bd30ef71439e04473385a2830066bf97d6b082ca664008d29a4d1174d19922b2130a2787afdbed2368ea698b08a255cfcf07357d4475ecc604bf47d34ded1c83b121b47939483638a4982e50a7c8b60a0e155191f68f9151aca20d640c41ab1d81c1fe94c7ccb198d7cc513d626f5ed87a08dfb3ad3f2d008c689467738ab6931421a1873b4258ac45615e1189d50f617305929836213e4e15d8210d64addd006fa2475a6d4008d4b3cb06782166ad0443e3d84e6a6158d302389065ec1b409f2e8d579101b628db5e0ce223f94969ecd2aba9196cd78965cce34497c8d3443638520305218ddce0e3cd286af6ad79fd5ae5c01fd5b3cc5b3a85e9564efa74096689f85582f0623961c7f17f58a6f47241e2312db12d926c8e3cf455002342e92191726d8f16dd8c9083bb94ac4609688c9dd8f080a4c79a8d5eb00739e9ca6c44bbe701f4c6e7307c1e50c096c4dde2ac995e4eb4c1be59c1dfbe4fc0cadd86d925c49becfdeafc0d9b9bb9cf4a16f6b365649ae249f84bbff9229fe1db497df0730b8ea3168d663d4929b5fbbe1141d4ca337c432d03e21e603a8dae45bffa2291876e62fbf1020b2e6994d92c3fbe7f44fdb7ee19d2336bc9cb161789559d13cb3c27f7d8e427a2cc74493a5026701bfee1d971f4cc62cbc7fccffbfb2309a16cc101fd31582def492c41c97d012176f72cd5293762faea03a67434f0d539f8c715a5e74657e9acbcba099e011a5fd2f0a83204945d7bc966428cd8c2a5992666615de9152511b06252ecacca24775ef75a5619c7ec4697fa434acc7692605de852c7947f87bd1eecba6732ab2e3c48107cc2db7f2ce4d0e183d8a2bab67ca18adc5eb81145bd2f60bb87c47291b07fd0ee3f5e7fa1f504b0304140000000800e3a59856f73a2baa490400007412000018000000786c2f776f726b7368656574732f7368656574332e786d6cbd585b8fe236147eefaf8852a96f9d38573b0ca00e1955edc34aab5dedf6390306a2cd852666d8fefb3abe049fe00454b57dc1b18fcfed3b171b2f2f4dfbad3b52ca9cef5559772bf7c8d869e179ddf648abbc7b6a4eb4e6947dd35639e3d3f6e075a796e63bc154955e8050e2557951bbeba558fbd8ae97cd9995454d3fb64e77aeaabcfd6b43cbe6b2727d572f7c2a0e472616bcf5f2941fe867cabe9c38039f7a839c5d51d1ba2b9ada69e97ee5bef88b575fb2882d5f0b7ae98c6fa7f7e6ad69bef593df772b17f546d1926e592f23e7c33bcd6859f6a2b8297f2aa9ee556bcf697e6bf1bf0a00b87d6f7947b3a6fca3d8b1e3ca25aeb3a3fbfc5cb24fcde537aa9c8a85c06d5376e2d7b9c8cd015fdf9e3bd6548a9b2bae8a9a13f8987f17a3f71847a838c231874f263822c5114967a571c2b5d79ce5eb65db5c9cb6dfcec5f51f0220c1ce3d2aea3e9c9f59cba905e763eb9f7ef451143df7030ec490223d5b2c3dc655f41bbdad12b791e20221aecf95f77514a3083d912441611a92388c96debbe4f0b8318345c160512044843316c5d22282e5202d22a96926894d1ac6cf8e982a1f7c49242346ab47d29c68ce1c6497ea984626e3a9d0a986d85c5408eb2dcad760ec88636c222140c2068fc2456b0cf44e21264d4c2540a88f900550b8132b310ac91468547868150aab100444d9af3952300c3a607440f68443f684225cf164b84884d1b32dcef718799c5310e001338bb4ecbeb40820a9838e40d0415e0074fbb058f4be3eae3736f341f98455caf8cf3ffcd2e5d589b754b4a333b84703ee91509c1885ef0f852e01963bf003a68596aad0a8230097c429bda9b5dbbea00b48170e02290b95c060c078c37a24d62864d25532974bf1b46c1d0562335c072c3101d0bd3901a1c52318253f6893a37660d6b88f426b8649df52156871ca9819110f1911cb9305193b65224c11b2f83e6c1148d778a6e5033fd368e49963c632b1e09d429cb1966683249e8724192049a620992264c9c399f44f4f9400d60e68041a446c020cdb3b4076a21e5e937980f000109638f837004d11327c1f2078e4a6f712ff7ac8229bdb10a7e0d1269ea6e0e0c300366594ba41607028decfe7be5fdb50c7f3a893017572d3bb8351ef963bfce0fe35118276bd6798cd1bf427d89f7594b02d2b094c6e625301adb0b6d78998db1a39f9371a394e80bff65c83953687e5e0b62de6643ee6e910f374aa154d11b2f43fac3470708d6e83bea6fd6c29c3f18dd386490a30815713808e8fae7f8bd0143e93944c5166110260e07414513184b6d63d6ad6f134c755daddf39e17a20d2fe5c76412f9c6bf477faa614f523245f91fceb45193856598982df7e64e3f934ecafe5b783ce37f7645db837883e89c6d73ae99bc180dabeaa1235af4279e7743d8048b2cb0115ec8e2453d8d8c59c862334189161ba9c5bb5a255f633ee4eda1a83ba7a47b6e217ac2fc26d3cad70d3961cd493c0ebc358c3595f83cd27c47db7e03a7ef9b860d935ec3f0d0b4fe1b504b0304140000000800e3a5985698c432f85d030000d81300000d000000786c2f7374796c65732e786d6cdd586d6f9b3010fe2b88ef2d496851a842a42d5dd549cb54a9fdb07d748209966ccc8cd325fdf5f3d98490974bdf92751aa8c5be87e7eef1f9b0dd0e2abde4f43ea7547b0bc18b2af173adcbab20a8a63915a43a97252d0c92492588365d350baa5251925640123ce8753a5120082bfce1a0988b1ba12b6f2ae7854efc5e63f2dce36b9af8dde8c2f79cbb914c69e22fcd7526c4599a7af995105755e57bc15ee2e526f1fafa7c3c3eff692eeff6f66a3cb6b4a0d6301c64b2d8940206e39708ea3d129ef823c2d944314bcb88607ce9ec3d6b994a2e95a74d164ca8ae35554fee856edd8514d5be042ba472025c18f77b5213da887d803ec679a3efc27786e1a0245a5355dc988e2359eb2e56b71f96a5d1375364d9ed5dfa2f675492b31482ce4676a06a3649fc4ee78bbdad9f098a042dafef8c7763af7df15ac8de78f661d238912aa5aa49e4a5bf320d079c661af88acd72dbd0b2b491a4d652402b6564260be232bda26dd0ed0792f83a3705bef6b56d05c7dbb63acab6f935614e2df92f38de46f746a91b6636a794f37ba0fcc89a29ed9a295d64ad95a003eb40d1344d1dd44de7a6ee4080b63be7bced377c9be3923d4afd796e8657d8feafb9d4f44ed18c2d6c7f91ad1560eebb27705f2f90cfea2765c9979f389b1582bafcbe38e67040563c2f978a3d9968b0c04179b88c2fb2370dfa489a7e2b523ed0856e96dc43723e22458f54693685fed4bc40d5db93d63d89ca95aa5725f26324be2b95bdd3e8dcd574948a3c9ec07f4cce71e615d3191e67adc6dc5f1c7d2b083fb42a837a7f6cedc21b7b7063f5e00c9df8dfe12cce5b839ccc19d7aca87b394b535aec6ec5c6bf2613f357c74600f3564a3332e7faa101137fdd1ed394cd45dcbc750779a8df5ab7bfc189a41bad0ff026182b52baa0e9a8ee9ae3e5c639d35dee3cb305b58ea0bb10ca7220020188c64265a02cc74363fd8fe3eae3e37220aab0bf1feae3ac3ece72bcbdd0c8de682c84159b0b19721c876114a1e91d8df6cb18a1398c22f8411ca20a8183c68268afcdfc8102385036cfd4063acb07cb061df2811245877c20f3002139044e1c230580c6020e3a29684581082416941ac20a4398675421fa991f80e21885a04891ea8d222c5111dcc87ca11f5118c631020188c8084314820ff60084ca00212814866e23dddacf82d53e17acff9737fc03504b0304140000000800e3a59856b747eb8ac0000000160200000b0000005f72656c732f2e72656c739d924b6e02310c40af12655f4ca9c40231acd8b043880bb889e7a399c49163c4f4f68dd8c02068114bff9e9e2daf0f34a0761c73dba56cc630c45cd95635ad00b26b29609e71a2582a354b402da13490d0f5d8102ce6f325c82dc36ed6b74c73fc49f40a91ebba73b465770a14f501f8aec39a234a435ad97180334bffcddccf0ad49a9dafacecfca735f0a6ccf3f52090a24745702cf491a44c8b7694af3e9eddbea4f3a56362b478dfe8fff3d0a8143df9bf9d30a589d2d74509266fb0f905504b0304140000000800e3a59856fb7f7d3e86010000eb0200000f000000786c2f776f726b626f6f6b2e786d6c8d92cd4a243110c75fa5c97decee719dd5c1f6a2e80acb2a2ade33ddd576613e9a24e3ec7a129f43f015066540447d86f84656d28c3608ba9754fe55c5af3e92cd9936e713adcf93bf52283b36056b9c6bc7696acb0624b72bba0545b15a1bc91d497396eabac61276743995a05c3accb2516a4070875ad9065bcb3adaffb06c6b8057b60170527428c951b1adcd6567872649fb4a3b2843a5e00d9e538499fd480832b9408b1314e8fe152cde05b044a242899750152c63896df4ec973678a995e3e2b8345a8882e55de0148cc3f293fb38b479c227367a1c9f1c85990b36ca0858a3b12e66443ea7262f80923b35757a178503b3c31dec193d6d519d450c8d91f6e688ab58da44710905f3377efe7aed17fe29da07ffe8e7c9da6014baa2acfdaaebd011ba37af192305cc7ed515f916f873b0de030ebf000e3f036f5faffc8bbfa7734ed027ff10f51da967c22f923c1be4790fbffa057eb55bca721315d4a8a0fa43856c08d0bb94f4298289930f7face51bb4ffa910dbe43b50bf35afde57bbfc175b6f504b0304140000000800e3a598560b085d06bc0000001f0300001a000000786c2f5f72656c732f776f726b626f6f6b2e786d6c2e72656c73cd93390e83301045af62f9000c4b922282546968232e60c1b088c59667a2c0ed83a0004b29d2a0a4b2fe587eff15e3f8819de2460f543786c4d8770325b266365700ca6bec1579dae030df94daf68ae7682b302a6f558510fafe05ec9e216ff19e29b2c9e037445d964d8e779d3f7b1cf803185edab65423b21499b215722261ecb631c17204de4c96222d1269d32290027e6d143a46e11f18458e5174a411f1d4216d3a6b76fa4f47f6f3fc16b7fa25ae437751ce8b0438ffe1f606504b0304140000000800e3a59856dbfbce8f24010000e9040000130000005b436f6e74656e745f54797065735d2e786d6ccd54cb4ec33010fc95c8d72a71291207d4f4025ca1077ec0249bc68a5ff26e4bfaf76c121a09545aaa20d14bac786767c63bb297affb0098b4d638cc454d14eea5c4a206ab30f3011c572a1fad22fe8d1b1954d1a80dc8c57c7e270bef081ca5d47188d5f2112ab535943cb5bc8ddabb5c443028928701d869e542856074a188eb72e7ca6f2ae9a742c69d3d066b1d70c60091c8a3127de9478543e3cb0e62d425246b15e9595986c9d648a4bd01cc4e731c71e9ab4a1750fa626bb925c310419558039035d9403a3b234d3c6418be37930df434271519ba8e3e20a716e172bd432c5d771a980822e933871c25997bf209a14bbc84f2b7e23ce1771f9b3e1394fd327dcc5f731ef92f35b2b81623b7ff69e4cdfbe6af6f5eb7665669371a90fd0bb7fa00504b01021403140000000800e3a59856465ac10c82000000b1000000100000000000000000000000800100000000646f6350726f70732f6170702e786d6c504b01021403140000000800e3a59856381e117ded000000cb0100001100000000000000000000008001b0000000646f6350726f70732f636f72652e786d6c504b01021403140000000800e3a59856995c9c23100600009c2700001300000000000000000000008001cc010000786c2f7468656d652f7468656d65312e786d6c504b01021403140000000800e3a5985667d003ca9b0600004e2e000018000000000000000000000080810d080000786c2f776f726b7368656574732f7368656574312e786d6c504b01021403140000000800e3a59856521363a4390400000a1500001800000000000000000000008081de0e0000786c2f776f726b7368656574732f7368656574322e786d6c504b01021403140000000800e3a59856f73a2baa490400007412000018000000000000000000000080814d130000786c2f776f726b7368656574732f7368656574332e786d6c504b01021403140000000800e3a5985698c432f85d030000d81300000d00000000000000000000008001cc170000786c2f7374796c65732e786d6c504b01021403140000000800e3a59856b747eb8ac0000000160200000b00000000000000000000008001541b00005f72656c732f2e72656c73504b01021403140000000800e3a59856fb7f7d3e86010000eb0200000f000000000000000000000080013d1c0000786c2f776f726b626f6f6b2e786d6c504b01021403140000000800e3a598560b085d06bc0000001f0300001a00000000000000000000008001f01d0000786c2f5f72656c732f776f726b626f6f6b2e786d6c2e72656c73504b01021403140000000800e3a59856dbfbce8f24010000e90400001300000000000000000000008001e41e00005b436f6e74656e745f54797065735d2e786d6c504b0506000000000b000b00ca020000392000000000', '2023-04-24 20:47:06.65248+00');
INSERT INTO public.excel_reports (report_id, file_data, created_at) VALUES (33, '\x504b0304140000000800dba89856465ac10c82000000b100000010000000646f6350726f70732f6170702e786d6c4d8e4d0bc2301044ff4ae9dd6e55f0203120d4a3e0c97b4837369064437685fc7c53c18fdb3cde308cba15ca58c423773586c4a77e11c94700b60b46c343d3a91947251a69581e40ce798b13d967c424b01bc70360154c33ce9bfc1decb53ae71cbc35e229e9abb785989c74976a3128f8976bf38e85d7bc1fb66ff96105bf93fa05504b0304140000000800dba8985618cb124ced000000cb01000011000000646f6350726f70732f636f72652e786d6c9591c14ec3300c865f65eabd759a961da22c97214e20213109c42d4abc2da269a3c4a8dddbd396ad1b820bc7f8fffcd956a409c274119f63173092c3b41a7cd32661c2263b12050190cc11bd4ec548b463b8efa2d7343ee30182361ffa80c0195b8347d2569386499887c5989d95d62ccaf0199b59600d60831e5b4a5016255c59c2e8d39f0d73b29043720bd5f77dd15733376e54c2dbd3e3cbbc7ceeda44ba359829698d30113575514d1785d3d048b829caf3ecef02dad53841d029e026bb24afd5f67ef79029ce7895b33ae7f58e9782adc55df93eb97ef45f85beb36eeffe69ac6f8c178192f0ebdfd417504b0304140000000800dba89856995c9c23100600009c27000013000000786c2f7468656d652f7468656d65312e786d6ced5a5b73da38147eefafd07867f66d0bc63681b6b413736976dbb49984ed4e1f8511588d6c796491847fbf473610cb960ded924dba9b3c042ce9fbce4547e7e83879f3ee2e62e8868894f27860d92fdbd6bbb72fdee057322411413019a7aff0c00aa54c5eb55a6900c3387dc91312c3dc828b084b7814cbd65ce05b1a2f23d6eab4dbdd5684696ca1184764607d5e2c6840d054515a6f5f20b4e51f33f815cb548d65a30113574126b988b4f2f96cc5fcdade3e65cfe93a1d32816e301b58207fce6fa7e44e5a88e154c2c4c06a673f566bc7d1d2488082c97d9405ba49f6a3d31508320d3b3a9d58ce767cf6c4ed9f8ccada74346d1ae0e3f17838b6cbd28b701c04e051bb9ec29df46cbfa44109b4a369d064d8f6daae91a6aa8d534fd3f77ddfeb9b689c0a8d5b4fd36b77ddd38e89c6add0780dbef14f87c3ae89c6abd074eb692627fdae6ba4e916684246e3eb7a1215b5e540d32000587076d6ccd203965e29fa75941ad91dbbdd415cf058ee398911fec6c504d669d219963446729d90050e0037c4d14c507caf41b68ae0c292d25c90d6cf29b5501a089ac881f5478221c5dcaffdf597bbc9a4337a9d7d3ace6b947f69ab01a7edbb9bcf93fc73e8e49fa793d74d42ce70bc2c09f1fb235b6187276e3b13723a1c67427ccff6f691a52532cfeff90aeb4e3c671f5696b05dcfcfe49e8c7223bbddf6587df64f476e23d7a9c0b322d7944624459fc82dbae41138b5490d32133f089d86986a501c02a4093196a186f8b4c6ac11e0137db7be08c8df8d88f7ab6f9a3d57a15849da84f810461ae29c73e673d16cfb07a546d1f655bcdca3975815019718df34aa352cc5d67895c0f1ad9c3c1d1312cd940b06418697242612a9397e4d4813fe2ba5dafe9cd340f0942f24fa4a918f69b323a77426cde8331ac146af1b758768d23c7afe05f99c350a1c911b1d02671bb346218469bbf01eaf248e9aadc2112b423e6219361a72b51681b671a984605a12c6d1784ed2b411fc59ac35933e60c8eccd9175ced6910e11925e37423e62ce8b9011bf1e86384a9aeda2715804fd9e5ec349c1e882cb66fdb87e86d5336c2c8ef747d4174ae40f26a73fe9323407a39a5909bd84566a9faa87343ea81e320a05f1b91e3ee57a780a3796c6bc50ae827b01ffd1da37c2abf882c0397f2e7dcfa5efb9f43da1d2b737237d67c1d38b5bde466e5bc4fbae31dad7342e28635772cdc8c754af9329d8399fc0ecfd683e9ef1edfad92484af9a592d2316904b81b34124b8fc8bcaf02ac409e8645b2509cb54d365378a129e421b6ee953f54a95d7e5afb928b83c5be4e9afa1743e2ccff93c5fe7b4cd0b3343b7724beab694beb526384af4b1cc704e1ecb0c3b673c921db677a01d35fbf65d76e423a530539743b81a42be036dba9ddc3a389e9891b90ad352906fc3f9e9c5781ae239d904b97d98576de7d8d1d1fbe7c151b0a3ef3c961dc788f2a221eea18698cfc34387797b5f986795c65034146d6cac242c46b760b8d7f12c14e064602da00783af5102f2525560315bc6032b90a27c4c8c45e870e7975c5fe3d192e3dba665b56eaf2977196d225239c269981367abcade65b1c1551dcf555bf2b0be6a3db4154ecffe59adc89f0c114e160b1248639417a64aa2f31953bee72b49c45538bf4533b6129718bce3e6c7714e53b81276b60f0232b9bb39a97a653167a6f2df2d0c092c5b885912e24d5dedd5e79b9cae7a2276fa9777c160f2fd70c9470fe53be75ff45d43ae7ef6dde3fa6e933b484c9c79c5110174450223951c06161732e450ee9290061301cd94c944f0028264a61c8098fa0bbdf20cb92915cead3e397f452c83864e5ed22512148ab00c05211772e3efef936a778cd7fa2c816d84543264d517ca4389c13d337243d85425f3aeda260b85dbe254cdbb1abe26604bc37a6e9d2d27ffdb5ed43db4173d46f3a399e01eb387739b7ab8c245acff58d61ef932df3970db3ade035ee6132c43a47ec17d8a8a8011ab62bebaaf4ff9259c3bb47bf181209bfcd6dba4f6dde00c7cd4ab5aa5642b113f4b077c1f9206638c5bf4345f8f1462ada6b1adc6da310c798058f30ca16638df87459a1a33d58bac398d0a6f41d540e53fdbd40d68f60d341c91055e3199b636a3e44e0a3cdcfeef0db0c2c48ee1ed8bbf01504b0304140000000800dba898564035acb59c060000502e000018000000786c2f776f726b7368656574732f7368656574312e786d6cdd5a5b73a336147eefaf60dc99be35a02340401c4f6d763aed43677676a7ed331b93c4b3b671816cda7f5f21898be0c862dd26bbd917637174c4b94b9fa4e553517eac1ef2bc76fe3eec8fd5cde2a1ae4f89eb56b70ff921abae8a537ee494bba23c64356f96f76e752af36c2b980e7b173c2f740fd9eeb8582dc5bbb7e56a593cd6fbdd317f5b3ad5e3e19095ff6cf27df174b3208bf6c5bbddfd432d5eb8abe529bbcfdfe7f5ef27cec09b6e37ce7677c88fd5ae383a657e77b35893e40d952ca2cb1fbbfca91afc771a6d3e14c5c7a6f1ebf666e13542e5fbfcb66ec6c8f8e3539ee6fb7d331417e52f35eaa2ff6ac339fcdf0effb3300097ef4356e569b1ff73b7ad1f6e16d1c2d9e677d9e3be7e573cfd922ba50231e06db1afc4aff3243b037f7ffb58d5c54171f30f1f76474ee0cfec6ff174e77150c541c71c243270f88ac397ca4ae1846a6fb23a5b2dcbe2c9299bee7cb8e68f309060e71aed8e8d3bdfd725a7ee385fbdfae17be2f9fe75f360201eb1d7b692a55bf34f341ddd5b35dc460e0762b826563eadfcc0f3bdab88c52ca49486315bba9f2487cb85e924824e221043d033120552a288c98794288a876246c190c6d8b5239a4a072289d18811d5488ae39f1307300329e130e3b512777c423816cab7b479108f5e3bc18fe1506c49e9348cb5876466feb5ae836663dad9980aa502a35291cfbc6bcc1a36466e8d58336ed8aa8a8c96da47f33553e9f663bee6ea70680fd99378a8166fe67f578eddba26d25c4baebffba9ca0e275e78bc6d7ec6ee7e67775f7c381ca407e9d2411a58f66033a23f46b4572689632dde5bd3a858a45a100658806afaeae11aa1264da5dcd139b97549d5437ba97fbef5af9e266dd66bbe60b1e6996054aa44cbd794c103436a110ffc0378b90a3a9706b2807a8a47146ae14913210daca6f29996e9489d6b22db191ac9d3acca5a3b624a06132509ae64d829194a5dc8444913210d5f2a1e46f5361eb91e3340a819404c9443b559a7369ba42b8cd255f62070ce993094be0dd81009d8d16cc539300d91dc245e6b8c601a2a1d234513977d1389cbcebb34ea5c1a99d2d54448a3d9068a1023304d6bc394afd767a576a8d56736b2ba33b41e689e415640cd7202335b34b7dec59d016353293011d2f80bd7bbf87c6c10af5f0c7b9384a7a384575dce4dd03ec5f2550b87365fb40936d65cddceefa0e9cbcee4521b7854a3c130cf46b1393f5252a5f76baf134a0d73300c90113145ba91922aca978b75258059bf1e67119804bb3f0e76b04f6f8126563c635ed3e117d3a647bddce9fc7cc1eda8a683f4c5861b8da32f0ec65849b910be8d40074b20f4609050d39c68a4a48af26dce8a4a39b3ed7a40477c6391305152f26258e982b531f12dbaf7c887049302128c0b486087b3d82e0eba89d2a15a14c076a07c98376a34fa9f0b0f5a29ec40ee55548ac0e2f11e0692d058294c9494d891e0334f8916b8477abc4798319b4d9494bc1880ba249b2db888f4c08844936c0ec7d91ccd580e7cc6ee149aebd89276c6e2d9b02d45e6a3b7af3a47238b1f7b7c4662638e9a2829b143b4573c9b5bf01ff4f80f3c53fe1b2929d881d1f3d637b0401ae8210d90498eb3518eab2e67f12d605e0f5b1f0c13e6fcd6bcbe9a478f99eca728e750b36410672968c99c8ea677991cd4602506ec98ef359418b02047189cd081314d4c9414ecb0ea99d344074462dbfb8a18b6bba04747402739138d7386feaff3223abfe9d1324aac8ba747980fe3beead8b50036e8011bf8a6e9d14849613e607b7dd32358001ff4800f0263de9b2829bc1848ba60790c16e8033df481705206e2711908ed60f7c2ab029f33c951cd543a901de5643bf56a4939670bef5cd47159b5ed39982d578ce36c78b1b3c4e72d52161c0a3d0e05662c52264a0a761cfacc13ac056b428f35213216121325851743729714120b3e831e9f413cbd03e28d2b49fc1cfbee17242dd3eda4c68becdfea4a8b7e8aa59f5dcfbfb193c27c84fa55d7000b16a53d16a59ea9061829299d7f48f7fa162ad48273698f73a9f1e8ce4849e98ca33bfd2c764e51a42654e50e2e651ef2f25e5c58ad9cdbe2f1582bccdebd6eafc54222ce1bdc2909c24414558c14276b759b7644da9020111b9b18174dc4720fe182240594c74f9a7b4208879f6c7002177b63109bcbb6c665dbb0a4b96b80e9e325e26c16d3872402b6625c906c0c66e503aef10137244ac4a610a6154d36b8edd62c59e3a2732f6d0c5ee2a26f70d1d75c88b512c2ed8348deb4fe2d2bef77c7cad9e7773ca0bc2bc6252ae5cd65d9a88b93b8f8fba1a8ebe220fe3ee4d9362f9b0e9c7e571475d768bed05d225ffd0b504b0304140000000800dba8985671c720e2390400000a15000018000000786c2f776f726b7368656574732f7368656574322e786d6cdd585b8fa336147eefaf40a9d4c7c106836d7251278caaf6a1d26a57db3e338993a0e5928233d9fefb1adb104cec645a75af2f21f6f1393edf772e182fce75f3a13d30c6bd8f6551b5cbd981f363e2fbede6c0caac7da88fac12925ddd941917c366efb7c786655ba954167e0040ec97595ecd560b39f7a6592dea132ff28abd69bcf6549659f3f79a15f5793983b37ee26dbe3f7039e1af16c76ccfde31fefe2814c4d01fec6cf392556d5e575ec376cbd9234c9e602455e4923f72766e47ffbd0ecd735d7fe806bf6d9733d039c50ab6e19d8d4c3c5e58ca8aa233255cf94b5b9d5d76ed34c7ff7bf3bf4802847fcf59cbd2baf833dff2c3724666de96edb253c1dfd6e75f9906a55cdcd4452b7fbdb35a1c88f9cda9e575a9b5c5c6655e098178661fe5d37f9d46a835c2a906240e0da4359002ab9c93d09e329ead164d7df69a6eb930d7fd910449758128afba70bee38d90e6428faf7efa110284e6dd0307f241413f4a163e175b740bfd8d36b756e60269aecb9597158a00020f04538c4312214417fe8bd2f085338347c1e051204d84373c8a944704ab87f288d0b19b241acb309e7b72a83140252413452b22e50ed28824ab63bfc3c1ef502e8c9c7e1384c1dcb6c33d4501981a0ec7730dc6622dbd6f0d81f9980c6030850cfae231436a250456144fafdf57d9c6f11813d6b184f31f7e6eb3f2288a196c99b98fc13b1a784772e378947270483145b05a816f110c0cbc3ae34323bf224b191003043188c5f6f82867c82d670cf2354fd89834b7ef8336eceb8dcbc320185383ee6852d372840c30f6682b14d45515d1109d48f517305aa982e212a4d15d8210364addd206ba24f5c6d400834bdcb367831619d0643e3d44f6a6150f306385065ec17409d2f8d579402cb1c646702791ef4bcbcc661dddd8c8663c492e6f9c2481419aa5b142105a298c6f67071e68c357b51b4c6a57ad80c12d9ec824aa5725d9f9299151e3b540cc62b06249f17751aff87644c81011e24a649720259f8b200a0c2ee8840b1b6c721b361d60d3ab440c278948efbe445068cb43a35e7b98d3e4b4251efdc27d90dee60e82cb1912b89abc53926ac9d79936da3937f6d1f9193ab1bb24a9967c9fbd5f8373737739e9c3c0d56c9c92544b3e0977ff2553823b682fdf0730bcea3168d263f4929b6fbbfe141d8ea3d7c732345e21f603a8dee45b7fa369186ee62f5f081039f3cc2549e1fd73faa76dbff0ce111b5eced830bacaac789a59d1bf3e4721339643a2a9528193805ff78ecb0793350bef1ff3ffaf2c8cc705d3c7c7768560363d4aed71891c71f147d72c256bf6f20aaaf536f5a9e2fa95314cab8bae7590a4ea326822784449f7456111d04476cd6bc91a256babca9a266bbb8ae84889ac0d8b9210adeda2477def75a5619d7ec44977a4b4acc7c95a09fc0b59ea8ef0f7acd9e755eb156c2788030f58586ed49d9b1af0fa28afac9e6bceeb52fe3db06ccb9a6e8190efea9a0f836e87e1fa73f50f504b0304140000000800dba89856fd0d85b588040000c413000018000000786c2f776f726b7368656574732f7368656574332e786d6cbd584b8fdb3610bee757082ed05b57d493a4d736b2d66ed11e0a0409da9eb5366d0bd1c395b8ebf4df872229592391b251b4bd982287f3fa6686437375a9eaafcd8931ee7c2bf2b2592f4e9c9f97aedbec4eac489b87eacc4a41395475917231ad8f6e73ae59ba974c45eefa08c56e9166e562b3926b9feacdaa7ae37956b24fb5d3bc15455affbd657975592fbc45b7f0393b9eb85c7037ab737a645f18fffd2c18c4d4ede5ecb382954d56954ecd0eebc593b77cf1148bdcf247c62ecde0db69bd79adaaafede4d7fd7a815aa358ce76bc95918ae19d252ccf5b51c294bfb4d4c5556bcb39fceec4ff2c0110f6bda60d4baafccf6ccf4feb0559387b7648df72feb9bafcc2b4539114b8abf246fe3a17b5d917ebbbb7865785e6168a8bac140431a6dfe4e8dec711688e60cce1110b47a839c2bb3922cda1bc71953b128ce794a79b555d5d9cbadd2ec4b51f1252c92e30c8ca3601bef05a5033c1c7373ffee0a1307c6c07eccb81a26eb65cb95ca86837ba3b2d6eabc4f9525c9b5def9b3042217a20986212c451e0e195fbae385c614c6f91df5be44b11c18c4591b2886035288b081d9a49a2210de347474eb50f9e229211a3d123654e38670e324b758646c6e3a9d4a98768b8a811eeb6685ffdb123ce60130900122678342e9d46bfdb29c5d078a80408f51032000a77622d46234981468d47a7426315808068fb3b0e0a865e078c0ec89ea0cf9e40862bb2868b84183d9ae27c8b51c4998200f79819a425b7a58500c92ee808041de40540b70d8b41eff3fd7aa3613e689fb04e19eff1c3c7262dcee210467b66d0f332afe7a94c1b9e3659fae1e339ad9b9c71ce66a217f6d10ba5d878707c78fd71a1c2a476e03b1c0c0cb5d5c50e01d015da7452b1d3d3a52bc3aefc10487ca8048614660dac6a628c65a25c25731919d96577b12426c3bbb0c74300ba133e06098247302a7e70d88e0e95e149e1a1c098a7ca37aa032dbb9bcc2bb82e1300991b46d4274da45a181a0bdbda0849741bd910d44534d35b0014341c39ef0cc31d1b424261287027cd845a64412d9aa0e65b508b7bd4621b6a364212df9d8fffb4bbf9b002c1a1d4e18c873180ad06806fa9aae7d882e1741d00877be0b0c2c79b00672324f83670f05a406f95d5f522804c7040fcfc7b1b0da5a0396300a7364adf723068dcb74ba1ed29a668604b34a6eb201aa48f0699740c7fd431d40ecfbf7dc585605eef48c396014e45d815bae861531613580cc4a4025a613cd42db9606a1fe4df681f3806fe9a731056e61c96bddba65c20965c98ae835ca07d2e50db91662324f43fac4cd04647375cafa3fd6428dbf12dda84159df64998f62f741e350f5dff02221b6e564aa229b3c80190301d65801c02536b183583c8ce719576f356220ad784a3f6639a740602c46ff017dab375042b25d194ffa1998e4e7158cff1f04c9ffcb199c93f6dbf01b72941e1e60e5e210a561fe59b4ee3ecaab792abdb5cbfaa1f8ec265db6bdd0961eb2f13df447822cb27fdd4346621cbad85122eb74a8b7bb54abd6efd96d6c7ac6c9c9c1d8485e8018b6b56ad5e8bd4845767f974f25a715e15f2f3c4d23dabdb0d827ea82ade4f5a0dfdc3dde63b504b0304140000000800dba8985698c432f85d030000d81300000d000000786c2f7374796c65732e786d6cdd586d6f9b3010fe2b88ef2d496851a842a42d5dd549cb54a9fdb07d748209966ccc8cd325fdf5f3d98490974bdf92751aa8c5be87e7eef1f9b0dd0e2abde4f43ea7547b0bc18b2af173adcbab20a8a63915a43a97252d0c92492588365d350baa5251925640123ce8753a5120082bfce1a0988b1ba12b6f2ae7854efc5e63f2dce36b9af8dde8c2f79cbb914c69e22fcd7526c4599a7af995105755e57bc15ee2e526f1fafa7c3c3eff692eeff6f66a3cb6b4a0d6301c64b2d8940206e39708ea3d129ef823c2d944314bcb88607ce9ec3d6b994a2e95a74d164ca8ae35554fee856edd8514d5be042ba472025c18f77b5213da887d803ec679a3efc27786e1a0245a5355dc988e2359eb2e56b71f96a5d1375364d9ed5dfa2f675492b31482ce4676a06a3649fc4ee78bbdad9f098a042dafef8c7763af7df15ac8de78f661d238912aa5aa49e4a5bf320d079c661af88acd72dbd0b2b491a4d652402b6564260be232bda26dd0ed0792f83a3705bef6b56d05c7dbb63acab6f935614e2df92f38de46f746a91b6636a794f37ba0fcc89a29ed9a295d64ad95a003eb40d1344d1dd44de7a6ee4080b63be7bced377c9be3923d4afd796e8657d8feafb9d4f44ed18c2d6c7f91ad1560eebb27705f2f90cfea2765c9979f389b1582bafcbe38e67040563c2f978a3d9968b0c04179b88c2fb2370dfa489a7e2b523ed0856e96dc43723e22458f54693685fed4bc40d5db93d63d89ca95aa5725f26324be2b95bdd3e8dcd574948a3c9ec07f4cce71e615d3191e67adc6dc5f1c7d2b083fb42a837a7f6cedc21b7b7063f5e00c9df8dfe12cce5b839ccc19d7aca87b394b535aec6ec5c6bf2613f357c74600f3564a3332e7faa101137fdd1ed394cd45dcbc750779a8df5ab7bfc189a41bad0ff026182b52baa0e9a8ee9ae3e5c639d35dee3cb305b58ea0bb10ca7220020188c64265a02cc74363fd8fe3eae3e37220aab0bf1feae3ac3ece72bcbdd0c8de682c84159b0b19721c876114a1e91d8df6cb18a1398c22f8411ca20a8183c68268afcdfc8102385036cfd4063acb07cb061df2811245877c20f3002139044e1c230580c6020e3a29684581082416941ac20a4398675421fa991f80e21885a04891ea8d222c5111dcc87ca11f5118c631020188c8084314820ff60084ca00212814866e23dddacf82d53e17acff9737fc03504b0304140000000800dba89856b747eb8ac0000000160200000b0000005f72656c732f2e72656c739d924b6e02310c40af12655f4ca9c40231acd8b043880bb889e7a399c49163c4f4f68dd8c02068114bff9e9e2daf0f34a0761c73dba56cc630c45cd95635ad00b26b29609e71a2582a354b402da13490d0f5d8102ce6f325c82dc36ed6b74c73fc49f40a91ebba73b465770a14f501f8aec39a234a435ad97180334bffcddccf0ad49a9dafacecfca735f0a6ccf3f52090a24745702cf491a44c8b7694af3e9eddbea4f3a56362b478dfe8fff3d0a8143df9bf9d30a589d2d74509266fb0f905504b0304140000000800dba89856fb7f7d3e86010000eb0200000f000000786c2f776f726b626f6f6b2e786d6c8d92cd4a243110c75fa5c97decee719dd5c1f6a2e80acb2a2ade33ddd576613e9a24e3ec7a129f43f015066540447d86f84656d28c3608ba9754fe55c5af3e92cd9936e713adcf93bf52283b36056b9c6bc7696acb0624b72bba0545b15a1bc91d497396eabac61276743995a05c3accb2516a4070875ad9065bcb3adaffb06c6b8057b60170527428c951b1adcd6567872649fb4a3b2843a5e00d9e538499fd480832b9408b1314e8fe152cde05b044a242899750152c63896df4ec973678a995e3e2b8345a8882e55de0148cc3f293fb38b479c227367a1c9f1c85990b36ca0858a3b12e66443ea7262f80923b35757a178503b3c31dec193d6d519d450c8d91f6e688ab58da44710905f3377efe7aed17fe29da07ffe8e7c9da6014baa2acfdaaebd011ba37af192305cc7ed515f916f873b0de030ebf000e3f036f5faffc8bbfa7734ed027ff10f51da967c22f923c1be4790fbffa057eb55bca721315d4a8a0fa43856c08d0bb94f4298289930f7face51bb4ffa910dbe43b50bf35afde57bbfc175b6f504b0304140000000800dba898560b085d06bc0000001f0300001a000000786c2f5f72656c732f776f726b626f6f6b2e786d6c2e72656c73cd93390e83301045af62f9000c4b922282546968232e60c1b088c59667a2c0ed83a0004b29d2a0a4b2fe587eff15e3f8819de2460f543786c4d8770325b266365700ca6bec1579dae030df94daf68ae7682b302a6f558510fafe05ec9e216ff19e29b2c9e037445d964d8e779d3f7b1cf803185edab65423b21499b215722261ecb631c17204de4c96222d1269d32290027e6d143a46e11f18458e5174a411f1d4216d3a6b76fa4f47f6f3fc16b7fa25ae437751ce8b0438ffe1f606504b0304140000000800dba89856dbfbce8f24010000e9040000130000005b436f6e74656e745f54797065735d2e786d6ccd54cb4ec33010fc95c8d72a71291207d4f4025ca1077ec0249bc68a5ff26e4bfaf76c121a09545aaa20d14bac786767c63bb297affb0098b4d638cc454d14eea5c4a206ab30f3011c572a1fad22fe8d1b1954d1a80dc8c57c7e270bef081ca5d47188d5f2112ab535943cb5bc8ddabb5c443028928701d869e542856074a188eb72e7ca6f2ae9a742c69d3d066b1d70c60091c8a3127de9478543e3cb0e62d425246b15e9595986c9d648a4bd01cc4e731c71e9ab4a1750fa626bb925c310419558039035d9403a3b234d3c6418be37930df434271519ba8e3e20a716e172bd432c5d771a980822e933871c25997bf209a14bbc84f2b7e23ce1771f9b3e1394fd327dcc5f731ef92f35b2b81623b7ff69e4cdfbe6af6f5eb7665669371a90fd0bb7fa00504b01021403140000000800dba89856465ac10c82000000b1000000100000000000000000000000800100000000646f6350726f70732f6170702e786d6c504b01021403140000000800dba8985618cb124ced000000cb0100001100000000000000000000008001b0000000646f6350726f70732f636f72652e786d6c504b01021403140000000800dba89856995c9c23100600009c2700001300000000000000000000008001cc010000786c2f7468656d652f7468656d65312e786d6c504b01021403140000000800dba898564035acb59c060000502e000018000000000000000000000080810d080000786c2f776f726b7368656574732f7368656574312e786d6c504b01021403140000000800dba8985671c720e2390400000a1500001800000000000000000000008081df0e0000786c2f776f726b7368656574732f7368656574322e786d6c504b01021403140000000800dba89856fd0d85b588040000c413000018000000000000000000000080814e130000786c2f776f726b7368656574732f7368656574332e786d6c504b01021403140000000800dba8985698c432f85d030000d81300000d000000000000000000000080010c180000786c2f7374796c65732e786d6c504b01021403140000000800dba89856b747eb8ac0000000160200000b00000000000000000000008001941b00005f72656c732f2e72656c73504b01021403140000000800dba89856fb7f7d3e86010000eb0200000f000000000000000000000080017d1c0000786c2f776f726b626f6f6b2e786d6c504b01021403140000000800dba898560b085d06bc0000001f0300001a00000000000000000000008001301e0000786c2f5f72656c732f776f726b626f6f6b2e786d6c2e72656c73504b01021403140000000800dba89856dbfbce8f24010000e90400001300000000000000000000008001241f00005b436f6e74656e745f54797065735d2e786d6c504b0506000000000b000b00ca020000792000000000', '2023-04-24 21:06:54.993586+00');
INSERT INTO public.excel_reports (report_id, file_data, created_at) VALUES (34, '\x504b03041400000008001a3d9956465ac10c82000000b100000010000000646f6350726f70732f6170702e786d6c4d8e4d0bc2301044ff4ae9dd6e55f0203120d4a3e0c97b4837369064437685fc7c53c18fdb3cde308cba15ca58c423773586c4a77e11c94700b60b46c343d3a91947251a69581e40ce798b13d967c424b01bc70360154c33ce9bfc1decb53ae71cbc35e229e9abb785989c74976a3128f8976bf38e85d7bc1fb66ff96105bf93fa05504b03041400000008001a3d995639c1bc5cee000000cb01000011000000646f6350726f70732f636f72652e786d6c95914d4fc3300c86ffcad47bebb4dd408aba5c987602098949206e51e26d11cd8712a376ff9eb66cdd105c38c6efe3c7b6d2a8c0958ff81c7dc04806d3a2b7ad4b5c857576240a1c20a9235a998a817043b8f7d14a1a9ef10041aa0f7940a818bb038b24b52409a3300fb3313b2bb59a95e133b693402bc0162d3a4a5016255c59c268d39f0d5332937d3233d5755dd1d513376c54c2dbd3e3cbb47c6e5c22e91466a2d18aab88927c14e345e1d4b70ddc149bf3ecef02eac53081d329e03abb24aff5c366b7cd44c5aa3a67cbbc5aedd83d5f32be2adf47d78ffeabd07a6df6e69fc6eac6781188067efd9bf802504b03041400000008001a3d9956995c9c23100600009c27000013000000786c2f7468656d652f7468656d65312e786d6ced5a5b73da38147eefafd07867f66d0bc63681b6b413736976dbb49984ed4e1f8511588d6c796491847fbf473610cb960ded924dba9b3c042ce9fbce4547e7e83879f3ee2e62e8868894f27860d92fdbd6bbb72fdee057322411413019a7aff0c00aa54c5eb55a6900c3387dc91312c3dc828b084b7814cbd65ce05b1a2f23d6eab4dbdd5684696ca1184764607d5e2c6840d054515a6f5f20b4e51f33f815cb548d65a30113574126b988b4f2f96cc5fcdade3e65cfe93a1d32816e301b58207fce6fa7e44e5a88e154c2c4c06a673f566bc7d1d2488082c97d9405ba49f6a3d31508320d3b3a9d58ce767cf6c4ed9f8ccada74346d1ae0e3f17838b6cbd28b701c04e051bb9ec29df46cbfa44109b4a369d064d8f6daae91a6aa8d534fd3f77ddfeb9b689c0a8d5b4fd36b77ddd38e89c6add0780dbef14f87c3ae89c6abd074eb692627fdae6ba4e916684246e3eb7a1215b5e540d32000587076d6ccd203965e29fa75941ad91dbbdd415cf058ee398911fec6c504d669d219963446729d90050e0037c4d14c507caf41b68ae0c292d25c90d6cf29b5501a089ac881f5478221c5dcaffdf597bbc9a4337a9d7d3ace6b947f69ab01a7edbb9bcf93fc73e8e49fa793d74d42ce70bc2c09f1fb235b6187276e3b13723a1c67427ccff6f691a52532cfeff90aeb4e3c671f5696b05dcfcfe49e8c7223bbddf6587df64f476e23d7a9c0b322d7944624459fc82dbae41138b5490d32133f089d86986a501c02a4093196a186f8b4c6ac11e0137db7be08c8df8d88f7ab6f9a3d57a15849da84f810461ae29c73e673d16cfb07a546d1f655bcdca3975815019718df34aa352cc5d67895c0f1ad9c3c1d1312cd940b06418697242612a9397e4d4813fe2ba5dafe9cd340f0942f24fa4a918f69b323a77426cde8331ac146af1b758768d23c7afe05f99c350a1c911b1d02671bb346218469bbf01eaf248e9aadc2112b423e6219361a72b51681b671a984605a12c6d1784ed2b411fc59ac35933e60c8eccd9175ced6910e11925e37423e62ce8b9011bf1e86384a9aeda2715804fd9e5ec349c1e882cb66fdb87e86d5336c2c8ef747d4174ae40f26a73fe9323407a39a5909bd84566a9faa87343ea81e320a05f1b91e3ee57a780a3796c6bc50ae827b01ffd1da37c2abf882c0397f2e7dcfa5efb9f43da1d2b737237d67c1d38b5bde466e5bc4fbae31dad7342e28635772cdc8c754af9329d8399fc0ecfd683e9ef1edfad92484af9a592d2316904b81b34124b8fc8bcaf02ac409e8645b2509cb54d365378a129e421b6ee953f54a95d7e5afb928b83c5be4e9afa1743e2ccff93c5fe7b4cd0b3343b7724beab694beb526384af4b1cc704e1ecb0c3b673c921db677a01d35fbf65d76e423a530539743b81a42be036dba9ddc3a389e9891b90ad352906fc3f9e9c5781ae239d904b97d98576de7d8d1d1fbe7c151b0a3ef3c961dc788f2a221eea18698cfc34387797b5f986795c65034146d6cac242c46b760b8d7f12c14e064602da00783af5102f2525560315bc6032b90a27c4c8c45e870e7975c5fe3d192e3dba665b56eaf2977196d225239c269981367abcade65b1c1551dcf555bf2b0be6a3db4154ecffe59adc89f0c114e160b1248639417a64aa2f31953bee72b49c45538bf4533b6129718bce3e6c7714e53b81276b60f0232b9bb39a97a653167a6f2df2d0c092c5b885912e24d5dedd5e79b9cae7a2276fa9777c160f2fd70c9470fe53be75ff45d43ae7ef6dde3fa6e933b484c9c79c5110174450223951c06161732e450ee9290061301cd94c944f0028264a61c8098fa0bbdf20cb92915cead3e397f452c83864e5ed22512148ab00c05211772e3efef936a778cd7fa2c816d84543264d517ca4389c13d337243d85425f3aeda260b85dbe254cdbb1abe26604bc37a6e9d2d27ffdb5ed43db4173d46f3a399e01eb387739b7ab8c245acff58d61ef932df3970db3ade035ee6132c43a47ec17d8a8a8011ab62bebaaf4ff9259c3bb47bf181209bfcd6dba4f6dde00c7cd4ab5aa5642b113f4b077c1f9206638c5bf4345f8f1462ada6b1adc6da310c798058f30ca16638df87459a1a33d58bac398d0a6f41d540e53fdbd40d68f60d341c91055e3199b636a3e44e0a3cdcfeef0db0c2c48ee1ed8bbf01504b03041400000008001a3d9956dede1aae9c060000502e000018000000786c2f776f726b7368656574732f7368656574312e786d6cdd5a5b73a336147eefaf60dc99be35a02340401c4f6d763aed43677676a7ed331b93c4b3b671816cda7f5f21898be0c862dd26bbd917637174c4b94b9fa4e553517eac1ef2bc76fe3eec8fd5cde2a1ae4f89eb56b70ff921abae8a537ee494bba23c64356f96f76e752af36c2b980e7b173c2f740fd9eeb8582dc5bbb7e56a593cd6fbdd317f5b3ad5e3e19095ff6cf27df174b3208bf6c5bbddfd432d5eb8abe529bbcfdfe7f5ef27cec09b6e37ce7677c88fd5ae383a657e77b35893e40d952ca2cb1fbbfca91afc771a6d3e14c5c7a6f1ebf666e13542e5fbfcb66ec6c8f8e3539ee6fb7d331417e52f35eaa2ff6ac339fcdf0effb3300097ef4356e569b1ff73b7ad1f6e16d1c2d9e677d9e3be7e573cfd922ba50231e06db1afc4aff3243b037f7ffb58d5c54171f30f1f76474ee0cfec6ff174e77150c541c71c243270f88ac397ca4ae1846a6fb23a5b2dcbe2c9299bee7cb8e68f309060e71aed8e8d3bdfd725a7ee385fbdfae17be2f9fe75f360201eb1d7b692a55bf34f341ddd5b35dc460e0762b826563eadfcc0f3c915e50144a3388ec270e97e921c2e17a693083a89400c41cf4814488922261f52a2281e8a1905431a63d78e682a1d88244623465423298e7f4e1cc00ca484c38cd74adcf109e15828dfd2e6413c7aed043f8643b125a5d330d61e9299f9d7ba0e9a8d6967632a940a8c4a453ef3ae316bd818b93562cdb861ab2a325a6a1fcdd74ca5db8ff99aabc3a13d644fe2a15abc99ff5d3976eb9a48732db9feeea72a3b9c78e1f1b6f919bbfb9ddd7df1e170901ea44b076960d983cd88fe18d15e99248eb5786f4da362916a41186001aae9ab876b849a34957247e7e4d625550feda5fef9d6bf7a9ab459aff982c59a678251a9122d5f53060f0ca9453cf00fe0e52ae85c1ac802ea291e51a885274d8434b09aca675aa62375ae896c6768244fb32a6bed8829194c9424b89261a76428752113254d84347ca97818d5db78e47acc00a1660031510ed5669dda6c92ae304a57d983c03967c250fa366043246047b315e7c03444729378ad318269a8748c144d5cf64d242e3befd2a87369644a5713218d661b28428cc034ad0d53be5e9f95daa1569fd9c8eaced07aa07906590135cb09cc6cd1dc7a1777068c4da5c04448e32f5cefe2f3b141bc7e31ec4d129e8e125e75393741fb14cb572d1cda7cd126d85873753bbf83a62f3b934b6de0518d06c33c1bc5e6fc484995deafbd4e2835ccc1304046c414e9464aaa285f2ed6950066fd7a9c456012ecfe38d8c13ebd059a58f18c794d875f4c9b1ef572a7f3f305b7a39a0ed2171b6e348ebe38186325e542f836021d2c81d08341424d73a291922acab7392b2ae5ccb6eb011df18d45c24449c98b61a50bd6c6c4b7e8de231f124c0a48302e20811dce62bb38e8264a876a5100db81f261dea8d1e87f2e3c68a5b003b9575129028bc77b18484263a5305152624782cf3c255ae01ee9f11e61c66c365152f26200ea926cb6e022d20323124db2391c6773346339f019bb5368ae634bda198b67c3b614998fdebeea1c8d2c7eecf119898d396aa2a4c40ed15ef16c6ec17fd0e33ff04cf96fa4a4600746cf5bdfc00269a08734402639ce4639aeba9cc5b780793d6c7d304c98f35bf3fa6a1e3d66b29fa29c43cd92419ca5a025733a9ade657250839518b063bed75062c0821c61704207c634315152b0c3aa674e131d10896def2b62d8ee821e1d019de44c34ce19fabfce8be8fca647cb28b12e9e1e613e8cfbaa63d702d8a0076ce09ba647232585f980edf54d8f60017cd0033e088c796fa2a4f06220e982e53158a00ff4d007c2491988c76520b483dd0baf0a7cce24473553e940769493edd4ab25e59c2dbc7351c765d5b6e760b65c318eb3e1c5ce129fb748597028f4381498b148992829d871e8334fb016ac093dd684c858484c94145e0cc95d52482cf80c7a7c06f1f40e8837ae24f173ecbb5f90b44cb7931a2fb27fab2b2dfa29967e763dffc64e0af311ea575d032c5894f658947aa61a60a4a474fe21ddeb5ba8500bcea53dcea5c6a33b2325a5338eeef4b3d83945919a50953bb89479c8cb7b7161b5726e8bc763ad307bf7babd160b89386f70a7240813515431529cacd56dda11694382446c6c625c3411cb3d840b9214501e3f69ee09211c7eb2c1095cec8d416c2edb1a976dc392e6ae01a68f9788b3594c1f9208d88a7141b23198950fb8c607dc9028119b42985634d9e0b65bb3648d8bcebdb43178898bbec1455f7321d64a08b70f2279d3fab7acbcdf1d2b679fdff180f2ae1897a894379765a32e4ee2e2ef87a2ae8b83f8fb9067dbbc6c3a70fa5d51d45da3f94277897cf52f504b03041400000008001a3d99567916427e390400000a15000018000000786c2f776f726b7368656574732f7368656574322e786d6cdd585b8fa336147eefaf40a9d4c7c1068331b9a8134655fb5069b5ab6d9f99c449d0024ec1996cff7d8d6d08267632adbad79710fbf81c9fef3b178c1767d67c680f9472ef6355d6ed7276e0fc98fa7ebb39d02a6f1fd891d642b2634d9573316cf67e7b6c68be954a55e90700c47e9517f56cb590736f9ad5829d7859d4f44de3b5a7aaca9bbfd7b464e7e50ccefa89b7c5fec0e584bf5a1cf33d7d47f9fba35010437fb0b32d2a5ab705abbd86ee96b347983ec148aac8257f14f4dc8efe7b1d9a67c63e7483dfb6cb19e89ca225ddf0ce462e1e2f34a365d99912aefca5adce2ebb769ae3ffbdf95f2401c2bfe7bca5192bff2cb6fcb09c25336f4b77f9a9e46fd9f957aa41291737ac6ce5af77568b0331bf39b59c555a5b6c5c15b5108867fe513efdd769845a239c6ac0c4a181b4065260957312da53cef3d5a26167afe9960b73dd1f49905417888aba0be73bde086921f4f8eaa71f214068de3d70201f04f4a374e173b145b7d0df68736b652e90e6ba5c7959a10820f8108a04422126494016fe8bd2f085338347c1e051204d84373c8a944709560fe55142c66e26d15886f1dc93438d012a613251b42252ee208d48b23af63b1cfc0ee5c2c8e977823098db76b8a7280013c3e178aec158ac65f7ad21301f93010ca690415f3c6648ad84c08ae2e9f5fb2adb381e63c23a9670fec3cf6d5e1d4531832d35f731784703ef486e1c8f520e0e29a608562bf02d82818157677c68e457642983c4009118c4627b7c9433c92d670cf2354fd89834b7ef8336eceb8dcbc320181383ee6852d372840c30f6682b14c45515d1109d48f517305aa982e21264d15d8210364addd206ba24f5c6d400834bdcb367831619d0643e3d44f6a6150f306385065ec17409b2f8d5799058628d8de04e22df979699cd3abab191cd78925cde38490283344b638520b45218dfce0e3cd086af6a3798d4ae5a01835b3c2593a85e9564e7a744468cd742621683154b86bf8b7ac5b723920c11495c89ec1264c9e7228800830b32e1c2063bb90d9b0cb0c9552286934424775f2228b4e5a151af3dcc6972da128f7ce13e486e7307c1e50c095c4dde29c9b4e4eb4c1bed9c1bfbe8fc0c9dd85d924c4bbecfdeafc1b9b9bb9cf461e06a364e49a6259f84bbff9229c11db497ef03185ef51834e9317ac9cdb75d7f8a0ec7d1eb63191aaf10fb01546ff2adbfd1340c37f3972f04889c79e69264f0fe39fdd3b65f78e7880d2f676c185d65563ccdace85f9fa39019cb21d154a9c049c0af7bc7e583c99a85f78ff9ff5716c6e382e9e363bb42309b1e21f6b8448eb8f8a36b968a367b7905d57a1b76aab97e650cd3eaa26b1da499ba0c9a081e51da7d51580424955df35ab246e9daaab226e9daae223a522a6bc3a224446bbbe851df7b5d6958a71f71da1d292deb71ba5602ff4296ba23fc3d6ff645dd7a25dd09e2c00316961b75e7a6069c1de595d533e39c55f2ef81e65bda740b847cc7181f06dd0ec3f5e7ea1f504b03041400000008001a3d99564d06bb5589040000c413000018000000786c2f776f726b7368656574732f7368656574332e786d6cbd584b8fdb3610bee757082ed05b57d493a2d736b2d66ed11e0a0409da9eb9366d0bd1c395b8ebf4df872229592391b251b4bd982287f3fa6686437375a9eaafcd8931ee7c2bf2b2592f4e9c9f97aedbec4eaca0cd437566a5a01caabaa05c4ceba3db9c6b46f792a9c85d1fa1d82d68562e362bb9f6a9deacaa379e6725fb543bcd5b51d0faef2dcbabcb7ae12dba85cfd9f1c4e582bb599de9917d61fcf7b3601053b797b3cf0a563659553a353bac174fdef2c5532c72cb1f19bb34836fa7f5e6b5aabeb6935ff7eb056a8d6239dbf1560615c33b4b599eb7a284297f69a98babd69673f8dd89ff590220ec7ba50d4babfccf6ccf4feb45b270f6ec40df72feb9bafcc2b4539114b8abf246fe3a17b5d917ebbbb7865785e6168a8bac140431d26f7274efe308344730e6f0120b47a839c2bb3922cda1bc71953b128c67cae966555717a76eb70b71ed878454b20b0cb2b24d802fbc16d44cf0f1cd8f3f78280c1fdb01fb7220a89b2d572e172ada8dee4e8bdb2a71be14d766d7fb268c50e83d0422e5421c133f0e57eebbe2708531bd457e6f912f4504331645caa204ab41599490a1994934a461fce8c8a9f6c153c464c468f4489913ce9983cc529da191f1782a75ea211a2e6a84bb2dda577fec8833d894040009133c1a974ea3dfed9462483c5402847a081900853bb116a3912440a3c6a353a1b10a4040b4fd1d070143af034607644fd0674f20c31559c39584183d9ae27c8b51c4998000f79819a4a5b7a58500c92ee808041de40540b70d8b41eff3fd7aa3613e689fb04e19eff1c3c78616677108a33d33e87999d7f354d286d326a31f3e9e69dde48c733613bdb08f5e28c5c683e3c3eb8f0b1526b503dfe16060a8ad2e760880aed026938a9d9e2e5d1976e58740e2432530a4306b605527c658a6cad5642e2323bbec2e9689c9f02eecf11080ee848f4182e0118c8a1f1cb6a343657852782830e6a9f28de840cbee26f30aaecb0440e68611f54913a91686c6c2b636421add4636047511cdf41600050947ce3bc370c7869010180adc4933a11659508b26a8f916d4e21eb5d8869a8d90c677e7e33fed6e3eac4070287538e3610c60ab01e05baaea39b660385d07c0e11e38acf0f126c0d90829be0d1cbc16905b6575bd0820131c103fffde46430868ce18c0a98dd2b71c0c1af7ed52687b8a291ad8128de93a8846d2472399740c7fd431d40ecfbf7dc585605eef48c396014e45d815bae861531627b01812930a6885f150b7e482a97d24ff46fbc031f0d79c83b032e7b0ecdd36e54262c985e93ac805d2e702b11d6936424afec3ca046d7474c3f53ada4f86b21ddfa24d5891699f8469ff42e651f3d0f52f20b2e166a5a49a328b1c0009935106c82130b586513388ec1c5769376f25a2704d386a3fa649672040fc067fa13d5b47b052524df91f9ae9e81487f51c0fcff4c91f9b99fcd3f61b709b12146eeee015a260f551bee934ceae7a2bb9bacdf5abfae1285cb6bdd69d10b6fe32f54d84a764f9a49f9ac62cc9726ba184cbadd2e25ead52af5bbfd1fa98958d93b383b0103d6071cdaad56b919af0ea2c9f4e5e2bceab427e9e18ddb3badd20e887aae2fda4d5d03fdc6dbe03504b03041400000008001a3d995698c432f85d030000d81300000d000000786c2f7374796c65732e786d6cdd586d6f9b3010fe2b88ef2d496851a842a42d5dd549cb54a9fdb07d748209966ccc8cd325fdf5f3d98490974bdf92751aa8c5be87e7eef1f9b0dd0e2abde4f43ea7547b0bc18b2af173adcbab20a8a63915a43a97252d0c92492588365d350baa5251925640123ce8753a5120082bfce1a0988b1ba12b6f2ae7854efc5e63f2dce36b9af8dde8c2f79cbb914c69e22fcd7526c4599a7af995105755e57bc15ee2e526f1fafa7c3c3eff692eeff6f66a3cb6b4a0d6301c64b2d8940206e39708ea3d129ef823c2d944314bcb88607ce9ec3d6b994a2e95a74d164ca8ae35554fee856edd8514d5be042ba472025c18f77b5213da887d803ec679a3efc27786e1a0245a5355dc988e2359eb2e56b71f96a5d1375364d9ed5dfa2f675492b31482ce4676a06a3649fc4ee78bbdad9f098a042dafef8c7763af7df15ac8de78f661d238912aa5aa49e4a5bf320d079c661af88acd72dbd0b2b491a4d652402b6564260be232bda26dd0ed0792f83a3705bef6b56d05c7dbb63acab6f935614e2df92f38de46f746a91b6636a794f37ba0fcc89a29ed9a295d64ad95a003eb40d1344d1dd44de7a6ee4080b63be7bced377c9be3923d4afd796e8657d8feafb9d4f44ed18c2d6c7f91ad1560eebb27705f2f90cfea2765c9979f389b1582bafcbe38e67040563c2f978a3d9968b0c04179b88c2fb2370dfa489a7e2b523ed0856e96dc43723e22458f54693685fed4bc40d5db93d63d89ca95aa5725f26324be2b95bdd3e8dcd574948a3c9ec07f4cce71e615d3191e67adc6dc5f1c7d2b083fb42a837a7f6cedc21b7b7063f5e00c9df8dfe12cce5b839ccc19d7aca87b394b535aec6ec5c6bf2613f357c74600f3564a3332e7faa101137fdd1ed394cd45dcbc750779a8df5ab7bfc189a41bad0ff026182b52baa0e9a8ee9ae3e5c639d35dee3cb305b58ea0bb10ca7220020188c64265a02cc74363fd8fe3eae3e37220aab0bf1feae3ac3ece72bcbdd0c8de682c84159b0b19721c876114a1e91d8df6cb18a1398c22f8411ca20a8183c68268afcdfc8102385036cfd4063acb07cb061df2811245877c20f3002139044e1c230580c6020e3a29684581082416941ac20a4398675421fa991f80e21885a04891ea8d222c5111dcc87ca11f5118c631020188c8084314820ff60084ca00212814866e23dddacf82d53e17acff9737fc03504b03041400000008001a3d9956b747eb8ac0000000160200000b0000005f72656c732f2e72656c739d924b6e02310c40af12655f4ca9c40231acd8b043880bb889e7a399c49163c4f4f68dd8c02068114bff9e9e2daf0f34a0761c73dba56cc630c45cd95635ad00b26b29609e71a2582a354b402da13490d0f5d8102ce6f325c82dc36ed6b74c73fc49f40a91ebba73b465770a14f501f8aec39a234a435ad97180334bffcddccf0ad49a9dafacecfca735f0a6ccf3f52090a24745702cf491a44c8b7694af3e9eddbea4f3a56362b478dfe8fff3d0a8143df9bf9d30a589d2d74509266fb0f905504b03041400000008001a3d9956fb7f7d3e86010000eb0200000f000000786c2f776f726b626f6f6b2e786d6c8d92cd4a243110c75fa5c97decee719dd5c1f6a2e80acb2a2ade33ddd576613e9a24e3ec7a129f43f015066540447d86f84656d28c3608ba9754fe55c5af3e92cd9936e713adcf93bf52283b36056b9c6bc7696acb0624b72bba0545b15a1bc91d497396eabac61276743995a05c3accb2516a4070875ad9065bcb3adaffb06c6b8057b60170527428c951b1adcd6567872649fb4a3b2843a5e00d9e538499fd480832b9408b1314e8fe152cde05b044a242899750152c63896df4ec973678a995e3e2b8345a8882e55de0148cc3f293fb38b479c227367a1c9f1c85990b36ca0858a3b12e66443ea7262f80923b35757a178503b3c31dec193d6d519d450c8d91f6e688ab58da44710905f3377efe7aed17fe29da07ffe8e7c9da6014baa2acfdaaebd011ba37af192305cc7ed515f916f873b0de030ebf000e3f036f5faffc8bbfa7734ed027ff10f51da967c22f923c1be4790fbffa057eb55bca721315d4a8a0fa43856c08d0bb94f4298289930f7face51bb4ffa910dbe43b50bf35afde57bbfc175b6f504b03041400000008001a3d99560b085d06bc0000001f0300001a000000786c2f5f72656c732f776f726b626f6f6b2e786d6c2e72656c73cd93390e83301045af62f9000c4b922282546968232e60c1b088c59667a2c0ed83a0004b29d2a0a4b2fe587eff15e3f8819de2460f543786c4d8770325b266365700ca6bec1579dae030df94daf68ae7682b302a6f558510fafe05ec9e216ff19e29b2c9e037445d964d8e779d3f7b1cf803185edab65423b21499b215722261ecb631c17204de4c96222d1269d32290027e6d143a46e11f18458e5174a411f1d4216d3a6b76fa4f47f6f3fc16b7fa25ae437751ce8b0438ffe1f606504b03041400000008001a3d9956dbfbce8f24010000e9040000130000005b436f6e74656e745f54797065735d2e786d6ccd54cb4ec33010fc95c8d72a71291207d4f4025ca1077ec0249bc68a5ff26e4bfaf76c121a09545aaa20d14bac786767c63bb297affb0098b4d638cc454d14eea5c4a206ab30f3011c572a1fad22fe8d1b1954d1a80dc8c57c7e270bef081ca5d47188d5f2112ab535943cb5bc8ddabb5c443028928701d869e542856074a188eb72e7ca6f2ae9a742c69d3d066b1d70c60091c8a3127de9478543e3cb0e62d425246b15e9595986c9d648a4bd01cc4e731c71e9ab4a1750fa626bb925c310419558039035d9403a3b234d3c6418be37930df434271519ba8e3e20a716e172bd432c5d771a980822e933871c25997bf209a14bbc84f2b7e23ce1771f9b3e1394fd327dcc5f731ef92f35b2b81623b7ff69e4cdfbe6af6f5eb7665669371a90fd0bb7fa00504b010214031400000008001a3d9956465ac10c82000000b1000000100000000000000000000000800100000000646f6350726f70732f6170702e786d6c504b010214031400000008001a3d995639c1bc5cee000000cb0100001100000000000000000000008001b0000000646f6350726f70732f636f72652e786d6c504b010214031400000008001a3d9956995c9c23100600009c2700001300000000000000000000008001cd010000786c2f7468656d652f7468656d65312e786d6c504b010214031400000008001a3d9956dede1aae9c060000502e000018000000000000000000000080810e080000786c2f776f726b7368656574732f7368656574312e786d6c504b010214031400000008001a3d99567916427e390400000a1500001800000000000000000000008081e00e0000786c2f776f726b7368656574732f7368656574322e786d6c504b010214031400000008001a3d99564d06bb5589040000c413000018000000000000000000000080814f130000786c2f776f726b7368656574732f7368656574332e786d6c504b010214031400000008001a3d995698c432f85d030000d81300000d000000000000000000000080010e180000786c2f7374796c65732e786d6c504b010214031400000008001a3d9956b747eb8ac0000000160200000b00000000000000000000008001961b00005f72656c732f2e72656c73504b010214031400000008001a3d9956fb7f7d3e86010000eb0200000f000000000000000000000080017f1c0000786c2f776f726b626f6f6b2e786d6c504b010214031400000008001a3d99560b085d06bc0000001f0300001a00000000000000000000008001321e0000786c2f5f72656c732f776f726b626f6f6b2e786d6c2e72656c73504b010214031400000008001a3d9956dbfbce8f24010000e90400001300000000000000000000008001261f00005b436f6e74656e745f54797065735d2e786d6c504b0506000000000b000b00ca0200007b2000000000', '2023-04-25 07:40:52.784936+00');
INSERT INTO public.excel_reports (report_id, file_data, created_at) VALUES (35, '\x504b030414000000080064469956465ac10c82000000b100000010000000646f6350726f70732f6170702e786d6c4d8e4d0bc2301044ff4ae9dd6e55f0203120d4a3e0c97b4837369064437685fc7c53c18fdb3cde308cba15ca58c423773586c4a77e11c94700b60b46c343d3a91947251a69581e40ce798b13d967c424b01bc70360154c33ce9bfc1decb53ae71cbc35e229e9abb785989c74976a3128f8976bf38e85d7bc1fb66ff96105bf93fa05504b03041400000008006446995636ca80cbee000000cb01000011000000646f6350726f70732f636f72652e786d6c95914d4fc3300c86ffcad47bebb4657c44592f204e20213109c42d72bc2da269a3c4a8ddbfa72d5b37c42e1ce3f7f1635b51e825b6815e42eb29b0a5b8e85ddd44897e95ec98bd0488b823a7633610cd106edae0340fcfb005aff1536f090a21aec1116ba359c3284cfd6c4c0e4a83b3d27f857a121804aac951c311f22c8713cb145cbcd8302533d9473b535dd7655d3971c34639bc3f3fbd4ecba7b689ac1ba4a452062506d2dc866abcc8effb5ac159511d66ff14c82c860992f79e56c931792bef1fd68f495588a24cc5555a2cd7e2562e73296e3e46d7affe93d0b5c66eec3f8d7767c6a3a052f0e7dfaa6f504b030414000000080064469956995c9c23100600009c27000013000000786c2f7468656d652f7468656d65312e786d6ced5a5b73da38147eefafd07867f66d0bc63681b6b413736976dbb49984ed4e1f8511588d6c796491847fbf473610cb960ded924dba9b3c042ce9fbce4547e7e83879f3ee2e62e8868894f27860d92fdbd6bbb72fdee057322411413019a7aff0c00aa54c5eb55a6900c3387dc91312c3dc828b084b7814cbd65ce05b1a2f23d6eab4dbdd5684696ca1184764607d5e2c6840d054515a6f5f20b4e51f33f815cb548d65a30113574126b988b4f2f96cc5fcdade3e65cfe93a1d32816e301b58207fce6fa7e44e5a88e154c2c4c06a673f566bc7d1d2488082c97d9405ba49f6a3d31508320d3b3a9d58ce767cf6c4ed9f8ccada74346d1ae0e3f17838b6cbd28b701c04e051bb9ec29df46cbfa44109b4a369d064d8f6daae91a6aa8d534fd3f77ddfeb9b689c0a8d5b4fd36b77ddd38e89c6add0780dbef14f87c3ae89c6abd074eb692627fdae6ba4e916684246e3eb7a1215b5e540d32000587076d6ccd203965e29fa75941ad91dbbdd415cf058ee398911fec6c504d669d219963446729d90050e0037c4d14c507caf41b68ae0c292d25c90d6cf29b5501a089ac881f5478221c5dcaffdf597bbc9a4337a9d7d3ace6b947f69ab01a7edbb9bcf93fc73e8e49fa793d74d42ce70bc2c09f1fb235b6187276e3b13723a1c67427ccff6f691a52532cfeff90aeb4e3c671f5696b05dcfcfe49e8c7223bbddf6587df64f476e23d7a9c0b322d7944624459fc82dbae41138b5490d32133f089d86986a501c02a4093196a186f8b4c6ac11e0137db7be08c8df8d88f7ab6f9a3d57a15849da84f810461ae29c73e673d16cfb07a546d1f655bcdca3975815019718df34aa352cc5d67895c0f1ad9c3c1d1312cd940b06418697242612a9397e4d4813fe2ba5dafe9cd340f0942f24fa4a918f69b323a77426cde8331ac146af1b758768d23c7afe05f99c350a1c911b1d02671bb346218469bbf01eaf248e9aadc2112b423e6219361a72b51681b671a984605a12c6d1784ed2b411fc59ac35933e60c8eccd9175ced6910e11925e37423e62ce8b9011bf1e86384a9aeda2715804fd9e5ec349c1e882cb66fdb87e86d5336c2c8ef747d4174ae40f26a73fe9323407a39a5909bd84566a9faa87343ea81e320a05f1b91e3ee57a780a3796c6bc50ae827b01ffd1da37c2abf882c0397f2e7dcfa5efb9f43da1d2b737237d67c1d38b5bde466e5bc4fbae31dad7342e28635772cdc8c754af9329d8399fc0ecfd683e9ef1edfad92484af9a592d2316904b81b34124b8fc8bcaf02ac409e8645b2509cb54d365378a129e421b6ee953f54a95d7e5afb928b83c5be4e9afa1743e2ccff93c5fe7b4cd0b3343b7724beab694beb526384af4b1cc704e1ecb0c3b673c921db677a01d35fbf65d76e423a530539743b81a42be036dba9ddc3a389e9891b90ad352906fc3f9e9c5781ae239d904b97d98576de7d8d1d1fbe7c151b0a3ef3c961dc788f2a221eea18698cfc34387797b5f986795c65034146d6cac242c46b760b8d7f12c14e064602da00783af5102f2525560315bc6032b90a27c4c8c45e870e7975c5fe3d192e3dba665b56eaf2977196d225239c269981367abcade65b1c1551dcf555bf2b0be6a3db4154ecffe59adc89f0c114e160b1248639417a64aa2f31953bee72b49c45538bf4533b6129718bce3e6c7714e53b81276b60f0232b9bb39a97a653167a6f2df2d0c092c5b885912e24d5dedd5e79b9cae7a2276fa9777c160f2fd70c9470fe53be75ff45d43ae7ef6dde3fa6e933b484c9c79c5110174450223951c06161732e450ee9290061301cd94c944f0028264a61c8098fa0bbdf20cb92915cead3e397f452c83864e5ed22512148ab00c05211772e3efef936a778cd7fa2c816d84543264d517ca4389c13d337243d85425f3aeda260b85dbe254cdbb1abe26604bc37a6e9d2d27ffdb5ed43db4173d46f3a399e01eb387739b7ab8c245acff58d61ef932df3970db3ade035ee6132c43a47ec17d8a8a8011ab62bebaaf4ff9259c3bb47bf181209bfcd6dba4f6dde00c7cd4ab5aa5642b113f4b077c1f9206638c5bf4345f8f1462ada6b1adc6da310c798058f30ca16638df87459a1a33d58bac398d0a6f41d540e53fdbd40d68f60d341c91055e3199b636a3e44e0a3cdcfeef0db0c2c48ee1ed8bbf01504b030414000000080064469956281cb52c9c060000502e000018000000786c2f776f726b7368656574732f7368656574312e786d6cdd5a5b73a336147eefaf60dc99be35a02340401c4f6d763aed43677676a7ed331b93c4b3b671816cda7f5f21898be0c862dd26bbd917637174c4b94b9fa4e553517eac1ef2bc76fe3eec8fd5cde2a1ae4f89eb56b70ff921abae8a537ee494bba23c64356f96f76e752af36c2b980e7b173c2f740fd9eeb8582dc5bbb7e56a593cd6fbdd317f5b3ad5e3e19095ff6cf27df174b3208bf6c5bbddfd432d5eb8abe529bbcfdfe7f5ef27cec09b6e37ce7677c88fd5ae383a657e77b35893e40d952ca2cb1fbbfca91afc771a6d3e14c5c7a6f1ebf666e13542e5fbfcb66ec6c8f8e3539ee6fb7d331417e52f35eaa2ff6ac339fcdf0effb3300097ef4356e569b1ff73b7ad1f6e16d1c2d9e677d9e3be7e573cfd922ba50231e06db1afc4aff3243b037f7ffb58d5c54171f30f1f76474ee0cfec6ff174e77150c541c71c243270f88ac397ca4ae1846a6fb23a5b2dcbe2c9299bee7cb8e68f309060e71aed8e8d3bdfd725a7ee385fbdfae17be2f9fe75f360201eb1d7b692a55bf34f341ddd5b35dc460e0762b826563eadfcc0f3c9150da3c8074a20664bf793e470b9309d44d0490462087a46a2404a1431f9901245f150cc2818d218bb764453e94024311a31a21a4971fc73e2006620251c66bc56e28e4f08c742f996360fe2d16b27f8311c8a2d299d86b1f690ccccbfd675d06c4c3b1b53a15460542af299778d59c3c6c8ad116bc60d5b5591d152fb68be662add7eccd75c1d0eed217b120fd5e2cdfcefcab15bd7449a6bc9f5773f55d9e1c40b8fb7cdcfd8ddefecee8b0f8783f4205d3a4803cb1e6c46f4c788f6ca2471acc57b6b1a158b540bc2000b504d5f3d5c23d4a4a9943b3a27b72ea97a682ff5cfb7fed5d3a4cd7acd172cd63c138c4a9568f99a327860482de2817f002f5741e7d24016504ff188422d3c6922a481d5543ed3321da9734d643b4323799a55596b474cc960a224c1950c3b2543a90b99286922a4e14bc5c3a8dec623d76306083503888972a836ebd46693748551baca1e04ce391386d2b7011b22013b9aad3807a621929bc46b8d114c43a563a468e2b26f2271d97997469d4b2353ba9a086934db40116204a6696d98f2f5faacd40eb5facc46567786d603cd33c80aa8594e60668be6d6bbb833606c2a0526421a7fe17a179f8f0de2f58b616f92f07494f0aacbb909daa758be6ae1d0e68b36c1c69aabdbf91d347dd9995c6a038f6a3418e6d92836e7474aaaf47eed7542a9610e86013222a64837525245f972b1ae0430ebd7e32c029360f7c7c10ef6e92dd0c48a67cc6b3afc62daf4a8973b9d9f2fb81dd57490bed870a371f4c5c1182b2917c2b711e86009841e0c126a9a138d945451becd59512967b65d0fe8886f2c12264a4a5e0c2b5db03626be45f71ef99060524082710109ec7016dbc54137513a548b02d80e940ff3468d46ff73e1412b851dc8bd8a4a11583cdec340121a2b858992123b127ce629d102f7488ff7083366b38992921703509764b30517911e18916892cde1389ba319cb81cfd89d42731d5bd2ce583c1bb6a5c87cf4f655e76864f1638fcf486ccc511325257688f68a67730bfe831eff8167ca7f2325053b307adefa061648033da40132c97136ca71d5e52cbe05cceb61eb8361c29cdf9ad757f3e83193fd14e51c6a960ce22c052d99d3d1f42e93831aacc4801df3bd86120316e40883133a30a6898992821d563d739ae880486c7b5f11c37617f4e808e82467a271ced0ff755e44e7373d5a468975f1f408f361dc571dbb16c0063d6003df343d1a2929cc076caf6f7a040be0831ef04160cc7b132585170349172c8fc1027da0873e104eca403c2e03a11dec5e7855e0732639aa994a07b2a39c6ca75e2d29e76ce19d8b3a2eabb63d07b3e58a719c0d2f7696f8bc45ca8243a1c7a1c08c45ca4449c18e439f7982b5604de8b12644c64262a2a4f06248ee924262c167d0e33388a77740bc7125899f63dffd82a465ba9dd47891fd5b5d69d14fb1f4b3ebf9377652988f50bfea1a60c1a2b4c7a2d433d5002325a5f30fe95edf42855a702eed712e351edd1929299d7174a79fc5ce298ad484aadcc1a5cc435ede8b0bab95735b3c1e6b85d9bbd7edb55848c479833b25419888a28a91e264ad6ed38e481b1224626313e3a28958ee215c90a480f2f849734f08e1f0930d4ee0626f0c6273d9d6b86c1b9634770d307dbc449ccd62fa9044c0568c0b928dc1ac7cc0353ee0864489d814c2b4a2c906b7dd9a256b5c74eea58dc14b5cf40d2efa9a0bb15642b87d10c99bd6bf65e5fdee5839fbfc8e079477c5b844a5bcb92c1b757112177f3f14755d1cc4df873cdbe665d381d3ef8aa2ee1acd17ba4be4ab7f01504b030414000000080064469956d48eb1fe380400000a15000018000000786c2f776f726b7368656574732f7368656574322e786d6cdd585b8fa336147eefaf4054eae36083c1402eeac0a86a1f2aad76b5ed339338095ac0293893edbfafb10dc1c44ea655f7fa12621f9fe3f37de782f1f24cdb0fdd8110e67cacaba65bb907c68ea9e7759b03a98bee811e49c3253bdad605e3c376ef75c796145ba154579e0f40e4d545d9b8eba5987bd3ae97f4c4aab2216f5aa73bd575d1fe9d918a9e572e748789b7e5fec0c484b75e1e8b3d7947d8fb2357e0436fb4b32d6bd274256d9c96ec56ee234c9f602854c4923f4a72ee26ff9d1ecd33a51ffac16fdb950b7aa7484536acb751f0c70bc94955f5a6b82b7f29abee65d75e73fa7f30ff8b2080fbf75c7424a7d59fe5961d566eec3a5bb22b4e157b4bcfbf12054abab8a155277e9db35cecf3f9cda963b456da7ce3ba6cb8803f8b8fe2e9bd4e23501ac15c03c6160da43490042b9d13d09e0a56ac972d3d3b6dbf9c9bebff0882843a4754367d38dfb1964b4baec7d63ffd0801428bfe817df148c0304a971ee35bf40bbd8d32974973be30d7e7cacb1a8500c187208a63846118fae1d27b911a1e7766f4c81f3df28589e08647a1f428c6f2213d8a93a99b71389561bc70c45061805218cf148d88a43b482112ac4efd0e46bf03b130b4facdf1838569877b8a1c70a2391c2d141883b5fcbe350416533280c614d2e88ba60cc9951018513cbd7e5f691b47534c58c5122e7ef8b92bea232f66b025fa3e1aef68e41d898da349cac131c524c17205be4530d0f0aa8c0fb4fc0a0d65106b20628d586c8e8f7426bee58c46bee2096b93faf643d0c67d9d69796804e344a33b9cd5b418210d8c39da124562ab8a708c4e28fb0b98ac9441b109f2f02e41086ba56e68037d923a536a80c6251ed833410b3568229f1e2c4d2b1a6146120dbc826913e4d1abf32036c41a6bc19d457e282d3d9b5574232d9bf12cb99c6992f81a6986c60a4160a430ba9d1d78a40d5fd5ae3fab5db902fab7788a6751bd2ac9de4f812cd15e0bb15e0c462c39fe2eea15df8e483c4624b625b24d90c79f8ba004685c24332e4cb0e3dbb0931176729588c12c1193bb2f111498f250abd701e63c394d89977ce13e98dce60e82cb1912d89abc55922bc9d79936ca393bf6c9f9195ab1db24b9927c9fbd5f81b3737739e943dfd66cac925c493e0977ff2553fc3b682fdf0730b8ea3168d663d4929b6fbbe1141d4ca337c432d05e21e603a8dae45b7fa3291876e62f5f081059f3cc26c9e1fd73faa76dbff0ce111b5eced830bccaac689e59e1bf3e47213d9663a2c95281b3805ff78ecb0793310bef1ff3ffaf2c8ca60533c4c77485a037bd2431c725b4c4c59b5cb3d4a4dd8b2ba8ced9d053c3d42b639c96175d999fe6f2326826784469ff45611024a9e89ad7920ca59951254bd2ccacc23b522a6ac3a0c4459959f4a8eebdae348cd38f38ed8f9486f538cda4c0bb9025ef087f2fda7dd9744e45769c38f080b9e556deb9c901a3477165f54c19a3b5f87b20c596b4fd022edf51cac641bfc378fdb9fe07504b0304140000000800644699560e737cb58b040000c513000018000000786c2f776f726b7368656574732f7368656574332e786d6cbd584b8fdb3610bee757082ed05b57d49394d736b2d66ed11e0a0409da9eb9366d0bd1c395b8ebf4df872229592391b251b4bd982287f3fa6686437375a9eaafcd8931ee7c2bf2b2592f4e9c9f97aedbec4eaca0cd437566a5a01caabaa05c4ceba3db9c6b46f792a9c85d1fa1d82d68562e362bb9f6a9deacaa379e6725fb543bcd5b51d0faef2dcbabcb7ae12dba85cfd9f1c4e582bb599de9917d61fcf7b3601053b797b3cf0a563659553a353bac174fdef2c5532c72cb1f19bb34836fa7f5e6b5aabeb6935ff7eb056a8d6239dbf1560615c33b4b599eb7a284297f69a98babd69673f8dd89ff590220ec7ba50d4babfccf6ccf4feb0559387b76a06f39ff5c5d7e61daa9480adc5579237f9d8bdaec8bf5dd5bc3ab42730bc545560a8218e93739baf771049a23187378c4c2116a8ef06e8e4873286f5ce58e04e39972ba59d5d5c5a9dbed425cfb212195ec0283ac6c13e00baf0535137c7cf3e30f1e0ac3c776c0be1c12d4cd962b970b15ed4677a7c56d95385f8a6bb3eb7d134628f41e829890c8f3b117aedc77c5e00a5b7a83fcde205f4a08660c8a944104ab41194492a195241ad2307e74e454bbe0292219311a1d52e68473e620b3546768643c9e4a9d7a88868b1ae06e8bf6d51f3be20c36910020618247e3d269f4bb9d524c120f9500a11e420640e14eacc5682413a051e3d1a9d058052020dafe8e230143af034607644fd0674f20c31559c345428c1e4d71bec528e29c8000f79819a4a5b7a58500c92ee808041de40540b70d8b41eff3fd7aa3613e689fb04e19eff1c3c78616677106a33d33e87999d7f354d286d326a31f3e9e69dde48c733613bdb08f5e28c5c683d3c3eb8f0b1526b503dfe16060a8ad2e760880aed04e26153b3d5dba32ecca0f81c4874a604861d6c0aa26c658a6ca55329791915d76174b6232bc0b7b3c04a03be06390207804a3e20787ede850199e141e0a8c79aa7c4b74a06573937905d765022073c388faa48954074363615b1b218d6e231b82ba88667a0b80220947ce3bc370c78690243014b89366422db2a0164d50f32da8c53d6ab10d351b218defcec77fdadd7c5881e050ea70c6c318c05603c0b754d5736cc170ba0e80c33d7058e1e34d80b311527c1b38782d486e95d5f522804c7040fcfc7b1b4d9280e68c019cda287dcbc1a071df2e85b6a798a2812dd198ae8368903e1a64d231fc51c7503b3cfff60d178279bd230d5b0638156157e8a2874d594c603110930a6885f150b7e482a97d907fa37de018f86bce4158997358f66e9b7281587261ba0e7221e97321b11d6936429afc879509dae8e886eb75b49f0c653bbe459bb04a26277ef810c1c47f49e671f3d0f53f20b22167a5a49a328b1d800927a31c9043606a0ea37610d939aed26ede4b44e99a90d47e4cd3ce4080f80dfe437bb69e60a5a49af23fb4d3d1390e2b3a1e9eea93bf363319a8ed37e0362528dcdcc13344c1eaa37cd4699c5df55672759feb57f5cb51b86cbbad3b216cfd65ea9b084f64f9a4df9ac62c64b9b550c2e5566971af56a9e7addf687dcccac6c9d94158881eb0b868d5eab9484d7875966f27af15e755213f4f8cee59dd6e10f44355f17ed26ae85fee36df01504b03041400000008006446995698c432f85d030000d81300000d000000786c2f7374796c65732e786d6cdd586d6f9b3010fe2b88ef2d496851a842a42d5dd549cb54a9fdb07d748209966ccc8cd325fdf5f3d98490974bdf92751aa8c5be87e7eef1f9b0dd0e2abde4f43ea7547b0bc18b2af173adcbab20a8a63915a43a97252d0c92492588365d350baa5251925640123ce8753a5120082bfce1a0988b1ba12b6f2ae7854efc5e63f2dce36b9af8dde8c2f79cbb914c69e22fcd7526c4599a7af995105755e57bc15ee2e526f1fafa7c3c3eff692eeff6f66a3cb6b4a0d6301c64b2d8940206e39708ea3d129ef823c2d944314bcb88607ce9ec3d6b994a2e95a74d164ca8ae35554fee856edd8514d5be042ba472025c18f77b5213da887d803ec679a3efc27786e1a0245a5355dc988e2359eb2e56b71f96a5d1375364d9ed5dfa2f675492b31482ce4676a06a3649fc4ee78bbdad9f098a042dafef8c7763af7df15ac8de78f661d238912aa5aa49e4a5bf320d079c661af88acd72dbd0b2b491a4d652402b6564260be232bda26dd0ed0792f83a3705bef6b56d05c7dbb63acab6f935614e2df92f38de46f746a91b6636a794f37ba0fcc89a29ed9a295d64ad95a003eb40d1344d1dd44de7a6ee4080b63be7bced377c9be3923d4afd796e8657d8feafb9d4f44ed18c2d6c7f91ad1560eebb27705f2f90cfea2765c9979f389b1582bafcbe38e67040563c2f978a3d9968b0c04179b88c2fb2370dfa489a7e2b523ed0856e96dc43723e22458f54693685fed4bc40d5db93d63d89ca95aa5725f26324be2b95bdd3e8dcd574948a3c9ec07f4cce71e615d3191e67adc6dc5f1c7d2b083fb42a837a7f6cedc21b7b7063f5e00c9df8dfe12cce5b839ccc19d7aca87b394b535aec6ec5c6bf2613f357c74600f3564a3332e7faa101137fdd1ed394cd45dcbc750779a8df5ab7bfc189a41bad0ff026182b52baa0e9a8ee9ae3e5c639d35dee3cb305b58ea0bb10ca7220020188c64265a02cc74363fd8fe3eae3e37220aab0bf1feae3ac3ece72bcbdd0c8de682c84159b0b19721c876114a1e91d8df6cb18a1398c22f8411ca20a8183c68268afcdfc8102385036cfd4063acb07cb061df2811245877c20f3002139044e1c230580c6020e3a29684581082416941ac20a4398675421fa991f80e21885a04891ea8d222c5111dcc87ca11f5118c631020188c8084314820ff60084ca00212814866e23dddacf82d53e17acff9737fc03504b030414000000080064469956b747eb8ac0000000160200000b0000005f72656c732f2e72656c739d924b6e02310c40af12655f4ca9c40231acd8b043880bb889e7a399c49163c4f4f68dd8c02068114bff9e9e2daf0f34a0761c73dba56cc630c45cd95635ad00b26b29609e71a2582a354b402da13490d0f5d8102ce6f325c82dc36ed6b74c73fc49f40a91ebba73b465770a14f501f8aec39a234a435ad97180334bffcddccf0ad49a9dafacecfca735f0a6ccf3f52090a24745702cf491a44c8b7694af3e9eddbea4f3a56362b478dfe8fff3d0a8143df9bf9d30a589d2d74509266fb0f905504b030414000000080064469956fb7f7d3e86010000eb0200000f000000786c2f776f726b626f6f6b2e786d6c8d92cd4a243110c75fa5c97decee719dd5c1f6a2e80acb2a2ade33ddd576613e9a24e3ec7a129f43f015066540447d86f84656d28c3608ba9754fe55c5af3e92cd9936e713adcf93bf52283b36056b9c6bc7696acb0624b72bba0545b15a1bc91d497396eabac61276743995a05c3accb2516a4070875ad9065bcb3adaffb06c6b8057b60170527428c951b1adcd6567872649fb4a3b2843a5e00d9e538499fd480832b9408b1314e8fe152cde05b044a242899750152c63896df4ec973678a995e3e2b8345a8882e55de0148cc3f293fb38b479c227367a1c9f1c85990b36ca0858a3b12e66443ea7262f80923b35757a178503b3c31dec193d6d519d450c8d91f6e688ab58da44710905f3377efe7aed17fe29da07ffe8e7c9da6014baa2acfdaaebd011ba37af192305cc7ed515f916f873b0de030ebf000e3f036f5faffc8bbfa7734ed027ff10f51da967c22f923c1be4790fbffa057eb55bca721315d4a8a0fa43856c08d0bb94f4298289930f7face51bb4ffa910dbe43b50bf35afde57bbfc175b6f504b0304140000000800644699560b085d06bc0000001f0300001a000000786c2f5f72656c732f776f726b626f6f6b2e786d6c2e72656c73cd93390e83301045af62f9000c4b922282546968232e60c1b088c59667a2c0ed83a0004b29d2a0a4b2fe587eff15e3f8819de2460f543786c4d8770325b266365700ca6bec1579dae030df94daf68ae7682b302a6f558510fafe05ec9e216ff19e29b2c9e037445d964d8e779d3f7b1cf803185edab65423b21499b215722261ecb631c17204de4c96222d1269d32290027e6d143a46e11f18458e5174a411f1d4216d3a6b76fa4f47f6f3fc16b7fa25ae437751ce8b0438ffe1f606504b030414000000080064469956dbfbce8f24010000e9040000130000005b436f6e74656e745f54797065735d2e786d6ccd54cb4ec33010fc95c8d72a71291207d4f4025ca1077ec0249bc68a5ff26e4bfaf76c121a09545aaa20d14bac786767c63bb297affb0098b4d638cc454d14eea5c4a206ab30f3011c572a1fad22fe8d1b1954d1a80dc8c57c7e270bef081ca5d47188d5f2112ab535943cb5bc8ddabb5c443028928701d869e542856074a188eb72e7ca6f2ae9a742c69d3d066b1d70c60091c8a3127de9478543e3cb0e62d425246b15e9595986c9d648a4bd01cc4e731c71e9ab4a1750fa626bb925c310419558039035d9403a3b234d3c6418be37930df434271519ba8e3e20a716e172bd432c5d771a980822e933871c25997bf209a14bbc84f2b7e23ce1771f9b3e1394fd327dcc5f731ef92f35b2b81623b7ff69e4cdfbe6af6f5eb7665669371a90fd0bb7fa00504b0102140314000000080064469956465ac10c82000000b1000000100000000000000000000000800100000000646f6350726f70732f6170702e786d6c504b010214031400000008006446995636ca80cbee000000cb0100001100000000000000000000008001b0000000646f6350726f70732f636f72652e786d6c504b0102140314000000080064469956995c9c23100600009c2700001300000000000000000000008001cd010000786c2f7468656d652f7468656d65312e786d6c504b0102140314000000080064469956281cb52c9c060000502e000018000000000000000000000080810e080000786c2f776f726b7368656574732f7368656574312e786d6c504b0102140314000000080064469956d48eb1fe380400000a1500001800000000000000000000008081e00e0000786c2f776f726b7368656574732f7368656574322e786d6c504b01021403140000000800644699560e737cb58b040000c513000018000000000000000000000080814e130000786c2f776f726b7368656574732f7368656574332e786d6c504b010214031400000008006446995698c432f85d030000d81300000d000000000000000000000080010f180000786c2f7374796c65732e786d6c504b0102140314000000080064469956b747eb8ac0000000160200000b00000000000000000000008001971b00005f72656c732f2e72656c73504b0102140314000000080064469956fb7f7d3e86010000eb0200000f00000000000000000000008001801c0000786c2f776f726b626f6f6b2e786d6c504b01021403140000000800644699560b085d06bc0000001f0300001a00000000000000000000008001331e0000786c2f5f72656c732f776f726b626f6f6b2e786d6c2e72656c73504b0102140314000000080064469956dbfbce8f24010000e90400001300000000000000000000008001271f00005b436f6e74656e745f54797065735d2e786d6c504b0506000000000b000b00ca0200007c2000000000', '2023-04-25 08:51:09.39132+00');
INSERT INTO public.excel_reports (report_id, file_data, created_at) VALUES (36, '\x504b0304140000000800bd469956465ac10c82000000b100000010000000646f6350726f70732f6170702e786d6c4d8e4d0bc2301044ff4ae9dd6e55f0203120d4a3e0c97b4837369064437685fc7c53c18fdb3cde308cba15ca58c423773586c4a77e11c94700b60b46c343d3a91947251a69581e40ce798b13d967c424b01bc70360154c33ce9bfc1decb53ae71cbc35e229e9abb785989c74976a3128f8976bf38e85d7bc1fb66ff96105bf93fa05504b0304140000000800bd469956f0835be2ee000000cb01000011000000646f6350726f70732f636f72652e786d6c95914d4fc3300c86ffca947beb7e5098a2ae17a69d40426212885b94785b44f3a1c4a8ddbfa72d5b3704971de3f7f1635ba9a5e7d2057c09ce63208d71d19bd6462efd8a1d883c0788f28046c47420ec10ee5c30828667d88317f253ec118a2cbb078324942001a330f1b3919d944ace4aff15da49a024608b062d45c8d31c2e2c6130f1df862999c93eea99eaba2eedca891b36cae1fdf9e9755a3ed13692b01259532bc96540412e34e345fed8b7355c15ebd3ec9f02aac53081d3d1e38a9d93b7f271bdddb0a6c88a32c9ee92a2da664b5e95bc7af8185dbffa2f42e394dee91b8dcb2be359d0d4f0e7df9a6f504b0304140000000800bd469956995c9c23100600009c27000013000000786c2f7468656d652f7468656d65312e786d6ced5a5b73da38147eefafd07867f66d0bc63681b6b413736976dbb49984ed4e1f8511588d6c796491847fbf473610cb960ded924dba9b3c042ce9fbce4547e7e83879f3ee2e62e8868894f27860d92fdbd6bbb72fdee057322411413019a7aff0c00aa54c5eb55a6900c3387dc91312c3dc828b084b7814cbd65ce05b1a2f23d6eab4dbdd5684696ca1184764607d5e2c6840d054515a6f5f20b4e51f33f815cb548d65a30113574126b988b4f2f96cc5fcdade3e65cfe93a1d32816e301b58207fce6fa7e44e5a88e154c2c4c06a673f566bc7d1d2488082c97d9405ba49f6a3d31508320d3b3a9d58ce767cf6c4ed9f8ccada74346d1ae0e3f17838b6cbd28b701c04e051bb9ec29df46cbfa44109b4a369d064d8f6daae91a6aa8d534fd3f77ddfeb9b689c0a8d5b4fd36b77ddd38e89c6add0780dbef14f87c3ae89c6abd074eb692627fdae6ba4e916684246e3eb7a1215b5e540d32000587076d6ccd203965e29fa75941ad91dbbdd415cf058ee398911fec6c504d669d219963446729d90050e0037c4d14c507caf41b68ae0c292d25c90d6cf29b5501a089ac881f5478221c5dcaffdf597bbc9a4337a9d7d3ace6b947f69ab01a7edbb9bcf93fc73e8e49fa793d74d42ce70bc2c09f1fb235b6187276e3b13723a1c67427ccff6f691a52532cfeff90aeb4e3c671f5696b05dcfcfe49e8c7223bbddf6587df64f476e23d7a9c0b322d7944624459fc82dbae41138b5490d32133f089d86986a501c02a4093196a186f8b4c6ac11e0137db7be08c8df8d88f7ab6f9a3d57a15849da84f810461ae29c73e673d16cfb07a546d1f655bcdca3975815019718df34aa352cc5d67895c0f1ad9c3c1d1312cd940b06418697242612a9397e4d4813fe2ba5dafe9cd340f0942f24fa4a918f69b323a77426cde8331ac146af1b758768d23c7afe05f99c350a1c911b1d02671bb346218469bbf01eaf248e9aadc2112b423e6219361a72b51681b671a984605a12c6d1784ed2b411fc59ac35933e60c8eccd9175ced6910e11925e37423e62ce8b9011bf1e86384a9aeda2715804fd9e5ec349c1e882cb66fdb87e86d5336c2c8ef747d4174ae40f26a73fe9323407a39a5909bd84566a9faa87343ea81e320a05f1b91e3ee57a780a3796c6bc50ae827b01ffd1da37c2abf882c0397f2e7dcfa5efb9f43da1d2b737237d67c1d38b5bde466e5bc4fbae31dad7342e28635772cdc8c754af9329d8399fc0ecfd683e9ef1edfad92484af9a592d2316904b81b34124b8fc8bcaf02ac409e8645b2509cb54d365378a129e421b6ee953f54a95d7e5afb928b83c5be4e9afa1743e2ccff93c5fe7b4cd0b3343b7724beab694beb526384af4b1cc704e1ecb0c3b673c921db677a01d35fbf65d76e423a530539743b81a42be036dba9ddc3a389e9891b90ad352906fc3f9e9c5781ae239d904b97d98576de7d8d1d1fbe7c151b0a3ef3c961dc788f2a221eea18698cfc34387797b5f986795c65034146d6cac242c46b760b8d7f12c14e064602da00783af5102f2525560315bc6032b90a27c4c8c45e870e7975c5fe3d192e3dba665b56eaf2977196d225239c269981367abcade65b1c1551dcf555bf2b0be6a3db4154ecffe59adc89f0c114e160b1248639417a64aa2f31953bee72b49c45538bf4533b6129718bce3e6c7714e53b81276b60f0232b9bb39a97a653167a6f2df2d0c092c5b885912e24d5dedd5e79b9cae7a2276fa9777c160f2fd70c9470fe53be75ff45d43ae7ef6dde3fa6e933b484c9c79c5110174450223951c06161732e450ee9290061301cd94c944f0028264a61c8098fa0bbdf20cb92915cead3e397f452c83864e5ed22512148ab00c05211772e3efef936a778cd7fa2c816d84543264d517ca4389c13d337243d85425f3aeda260b85dbe254cdbb1abe26604bc37a6e9d2d27ffdb5ed43db4173d46f3a399e01eb387739b7ab8c245acff58d61ef932df3970db3ade035ee6132c43a47ec17d8a8a8011ab62bebaaf4ff9259c3bb47bf181209bfcd6dba4f6dde00c7cd4ab5aa5642b113f4b077c1f9206638c5bf4345f8f1462ada6b1adc6da310c798058f30ca16638df87459a1a33d58bac398d0a6f41d540e53fdbd40d68f60d341c91055e3199b636a3e44e0a3cdcfeef0db0c2c48ee1ed8bbf01504b0304140000000800bd46995643b9161c9c060000502e000018000000786c2f776f726b7368656574732f7368656574312e786d6cdd5a5b73a336147eefaf60dc99be35a02340401c4f6d763aed43677676a7ed331b93c4b3b671816cda7f5f21898be0c862dd26bbd917637174c4b94b9fa4e553517eac1ef2bc76fe3eec8fd5cde2a1ae4f89eb56b70ff921abae8a537ee494bba23c64356f96f76e752af36c2b980e7b173c2f740fd9eeb8582dc5bbb7e56a593cd6fbdd317f5b3ad5e3e19095ff6cf27df174b3208bf6c5bbddfd432d5eb8abe529bbcfdfe7f5ef27cec09b6e37ce7677c88fd5ae383a657e77b35893e40d952ca2cb1fbbfca91afc771a6d3e14c5c7a6f1ebf666e13542e5fbfcb66ec6c8f8e3539ee6fb7d331417e52f35eaa2ff6ac339fcdf0effb3300097ef4356e569b1ff73b7ad1f6e16d1c2d9e677d9e3be7e573cfd922ba50231e06db1afc4aff3243b037f7ffb58d5c54171f30f1f76474ee0cfec6ff174e77150c541c71c243270f88ac397ca4ae1846a6fb23a5b2dcbe2c9299bee7cb8e68f309060e71aed8e8d3bdfd725a7ee385fbdfae17be2f9fe75f360201eb1d7b692a55bf34f341ddd5b35dc460e0762b826563eadfcc0f3c915655ee4114ae2d05fba9f2487cb85e924824e221043d033120552a288c98794288a876246c190c6d8b5239a4a072289d18811d5488ae39f1307300329e130e3b512777c423816cab7b479108f5e3bc18fe1506c49e9348cb5876466feb5ae836663dad9980aa502a35291cfbc6bcc1a36466e8d58336ed8aa8a8c96da47f33553e9f663bee6ea70680fd99378a8166fe67f578eddba26d25c4baebffba9ca0e275e78bc6d7ec6ee7e67775f7c381ca407e9d2411a58f66033a23f46b4572689632dde5bd3a858a45a100658806afaeae11aa1264da5dcd139b97549d5437ba97fbef5af9e266dd66bbe60b1e6996054aa44cbd794c103436a110ffc0378b90a3a9706b2807a8a47146ae14913210daca6f29996e9489d6b22db191ac9d3acca5a3b624a06132509ae64d829194a5dc8444913210d5f2a1e46f5361eb91e3340a819404c9443b559a7369ba42b8cd255f62070ce993094be0dd81009d8d16cc539300d91dc245e6b8c601a2a1d234513977d1389cbcebb34ea5c1a99d2d54448a3d9068a1023304d6bc394afd767a576a8d56736b2ba33b41e689e415640cd7202335b34b7dec59d016353293011d2f80bd7bbf87c6c10af5f0c7b9384a7a384575dce4dd03ec5f2550b87365fb40936d65cddceefa0e9cbcee4521b7854a3c130cf46b1393f5252a5f76baf134a0d73300c90113145ba91922aca978b75258059bf1e67119804bb3f0e76b04f6f8126563c635ed3e117d3a647bddce9fc7cc1eda8a683f4c5861b8da32f0ec65849b910be8d40074b20f4609050d39c68a4a48af26dce8a4a39b3ed7a40477c6391305152f26258e982b531f12dbaf7c887049302128c0b486087b3d82e0eba89d2a15a14c076a07c98376a34fa9f0b0f5a29ec40ee55548ac0e2f11e0692d058294c9494d891e0334f8916b8477abc4798319b4d9494bc1880ba249b2db888f4c08844936c0ec7d91ccd580e7cc6ee149aebd89276c6e2d9b02d45e6a3b7af3a47238b1f7b7c4662638e9a2829b143b4573c9b5bf01ff4f80f3c53fe1b2929d881d1f3d637b0401ae8210d90498eb3518eab2e67f12d605e0f5b1f0c13e6fcd6bcbe9a478f99eca728e750b36410672968c99c8ea677991cd4602506ec98ef359418b02047189cd081314d4c9414ecb0ea99d344074462dbfb8a18b6bba04747402739138d7386feaff3223abfe9d1324aac8ba747980fe3beead8b50036e8011bf8a6e9d14849613e607b7dd32358001ff4800f0263de9b2829bc1848ba60790c16e8033df481705206e2711908ed60f7c2ab029f33c951cd543a901de5643bf56a4939670bef5cd47159b5ed39982d578ce36c78b1b3c4e72d52161c0a3d0e05662c52264a0a761cfacc13ac056b428f35213216121325851743729714120b3e831e9f413cbd03e28d2b49fc1cfbee17242dd3eda4c68becdfea4a8b7e8aa59f5dcfbfb193c27c84fa55d7000b16a53d16a59ea9061829299d7f48f7fa162ad48273698f73a9f1e8ce4849e98ca33bfd2c764e51a42654e50e2e651ef2f25e5c58ad9cdbe2f1582bccdebd6eafc54222ce1bdc2909c24414558c14276b759b7644da9020111b9b18174dc4720fe182240594c74f9a7b4208879f6c7002177b63109bcbb6c665dbb0a4b96b80e9e325e26c16d3872402b6625c906c0c66e503aef10137244ac4a610a6154d36b8edd62c59e3a2732f6d0c5ee2a26f70d1d75c88b512c2ed8348deb4fe2d2bef77c7cad9e7773ca0bc2bc6252ae5cd65d9a88b93b8f8fba1a8ebe220fe3ee4d9362f9b0e9c7e571475d768bed05d225ffd0b504b0304140000000800bd469956919418d6390400000a15000018000000786c2f776f726b7368656574732f7368656574322e786d6cdd585b8fa336147eefaf4054eae36083c1402eeac0a86a1f2aad76b5ed339338095ac0293893edbfafb10dc1c44ea655f7fa12621f9fe3f37de782f1f24cdb0fdd8110e67cacaba65bb907c68ea9e7759b03a98bee811e49c3253bdad605e3c376ef75c796145ba154579e0f40e4d545d9b8eba5987bd3ae97f4c4aab2216f5aa73bd575d1fe9d918a9e572e748789b7e5fec0c484b75e1e8b3d7947d8fb2357e0436fb4b32d6bd274256d9c96ec56ee234c9f602854c4923f4a72ee26ff9d1ecd33a51ffac16fdb950b7aa7484536acb751f0c70bc94955f5a6b82b7f29abee65d75e73fa7f30ff8b2080fbf75c7424a7d59fe5961d566eec3a5bb22b4e157b4bcfbf12054abab8a155277e9db35cecf3f9cda963b456da7ce3ba6cb8803f8b8fe2e9bd4e23501ac15c03c6160da43490042b9d13d09e0a56ac972d3d3b6dbf9c9bebff0882843a4754367d38dfb1964b4baec7d63ffd0801428bfe817df148c0304a971ee35bf40bbd8d32974973be30d7e7cacb1a8500c187008318447ee2e360e9bd480d8f3b337ae48f1ef9c24470c3a3507a1463f9901ec5c9d4cd389cca305e3862a83040298c678a4644d21da4100956a77e07a3df8158185afd8e11060bd30ef71439e04473385a2830066bf97d6b082ca664008d29a4d1174d19922b2130a2787afdbed2368ea698b08a255cfcf07357d4475ecc604bf47d34ded1c83b121b47939483638a4982e50a7c8b60a0e155191f68f9151aca20d640c41ab1d81c1fe94c7ccb198d7cc513d626f5ed87a08dfb3ad3f2d008c689467738ab6931421a1873b4258ac45615e1189d50f617305929836213e4e15d8210d64addd006fa2475a6d4008d4b3cb06782166ad0443e3d84e6a6158d302389065ec1b409f2e8d579101b628db5e0ce223f94969ecd2aba9196cd78965cce34497c8d3443638520305218ddce0e3cd286af6ad79fd5ae5c01fd5b3cc5b3a85e9564efa7409668af85582f0623961c7f17f58a6f47241e2312db12d926c8e3cf455002342e92191726d8f16dd8c9083bb94ac4609688c9dd97080a4c79a8d5eb00739e9ca6c44bbe701f4c6e7307c1e50c096c4dde2ac995e4eb4c1be59c1dfbe4fc0cadd86d925c49becfdeafc0d9b9bb9cf4a16f6b365649ae249f84bbff9229fe1db497ef03185cf51834eb316ac9cdb7dd708a0ea6d11b621968af10f301546df2adbfd1140c3bf3972f0488ac796693e4f0fe39fdd3b65f78e7880d2f676c185e655634cfacf05f9fa3901ecb31d164a9c059c0af7bc7e583c99885f78ff9ff571646d38219e263ba42d09b5e9298e3125ae2e24dae596ad2eec51554e76ce8a961ea95314ecb8baecc4f73791934133ca2b4ffa23008925474cd6b4986d2cca89225696656e11d2915b56150e2a2cc2c7a54f75e571ac6e9479cf6474ac37a9c6652e05dc8927784bf17edbe6c3aa7223b4e1c78c0dc722befdce480d1a3b8b27aa68cd15afc3d90624bda7e0197ef2865e3a0df61bcfe5cff03504b0304140000000800bd46995631ed72d08b040000c613000018000000786c2f776f726b7368656574732f7368656574332e786d6cbd584b8fdb3610bee757082ed05b57d49394d736b2d66ed11e0a0409da9eb9366d0bd1c395b8ebf4df872229592391b251b4bd982287f3fa6686437375a9eaafcd8931ee7c2bf2b2592f4e9c9f97aedbec4eaca0cd437566a5a01caabaa05c4ceba3db9c6b46f792a9c85d1fa1d82d68562e362bb9f6a9deacaa379e6725fb543bcd5b51d0faef2dcbabcb7ae12dba85cfd9f1c4e582bb599de9917d61fcf7b3601053b797b3cf0a563659553a353bac174fdef2c5532c72cb1f19bb34836fa7f5e6b5aabeb6935ff7eb056a8d6239dbf1560615c33b4b599eb7a284297f69a98babd69673f8dd89ff590220ec7ba50d4babfccf6ccf4feb0559387b76a06f39ff5c5d7e61daa9480adc5579237f9d8bdaec8bf5dd5bc3ab42730bc545560a8218e93739baf771049a23187378c4c2116a8ef06e8e4873286f5ce58e04e39972ba59d5d5c5a9dbed425cfb212195ec0283ac6c13e00baf0535137c7cf3e30f1e0ac3c776c0be1c12d4cd962b970b15ed4677a7c56d95385f8a6bb3eb7d134628f41e028c8887bc388ac295fbae385c614c6f91df5be44b11c18c4591b2886035288b4832349344431ac68f8e9c6a1f3c45242346a347ca9c70ce1c6496ea0c8d8cc753a9530fd1705123dc6dd1befa63479cc1261200244cf0685c3a8d7eb7538a49e2a11220d443c80028dc89b5188d6402346a3c3a151aab000444dbdf712460e875c0e880ec09faec0964b8226bb84888d1a329ceb718459c1310e01e3383b4f4b6b41020d9051d81a083bc00e8b66131e87dbe5f6f34cc07ed13d629e33d7ef8d8d0e22c0e61b467063d2ff37a9e4ada70da64f4c3c733ad9b9c71ce66a217f6d10ba5d878707c78fd71a1c2a476e03b1c0c0cb5d5c50e01d015dac9a462a7a74b57865df92190f850090c29cc1a58d5c418cb54b94ae63232b2cbee62494c8677618f870074277c0c12048f6054fce0b01d1d2ac393c24381314f956f890eb4ec6e32afe0ba4c00646e18519f34916a61682c6c6b23a4d16d64435017d14c6f015024e1c8796718eed8109204860277d24ca84516d4a2096abe05b5b8472db6a16623a4f1ddf9f84fbb9b0f2b101c4a1dce781803d86a00f896aa7a8e2d184ed70170b8070e2b7cbc097036428a6f0307af05c9adb2ba5e0490090e889f7f6fa34912d09c3180531ba56f391834eedba5d0f6145334b0251ad375100dd247834c3a863fea186a87e7dfbee24230af77a461cb00a722ec0a5df4b0298b092c06625201ad301eea965c30b50ff26fb40f1c037fcd39082b730ecbde6d532e104b2e4cd7412e247d2e24b623cd464893ffb032411b1ddd70bd8ef693a16cc7b7681356c9e4c40f1f2298f82fc93c6e1ebafe094436e4ac94545366b10330e164940372084ccd61d40e223bc755dacd7b89285d1392da8f69da190810bfc19f68cfd613ac945453fe87763a3ac76145c7c3537df2d7662603b5fd06dca604859b3b788728587d94af3a8db3abde4aaeee73fdaa7e3a0a976db7752784adbf4c7d13e1892c9ff463d398852cb7164ab8dc2a2deed52af5bef51bad8f59d938393b080bd1031617ad5abd17a909afcef2f1e4b5e2bc2ae4e789d13dabdb0d827ea82ade4f5a0dfdd3dde63b504b0304140000000800bd469956caf3cb03700200004907000018000000786c2f776f726b7368656574732f7368656574342e786d6cad555d6fda30147ddfaf8832698fd8491c1220442ba0697b9854b5daf66cc040d438ce6cd374ff7ed7769206446955f5057f5c9f73cf3d5cdd648d900feac098f69e7859a9b97fd0ba9e22a43607c6a91a899a5510d909c9a986a3dc23554b46b716c44b14623c469c16959f67f6ee56e69938eab2a8d8adf4d491732aff2d58299ab91ff8ddc55db13f687b81f2aca67b76cff4af1a0070443dcfb6e0ac5285a83cc97673ff2698ae8845d817bf0bd6a8c1de33c5ac857830871fdbb98f8d2656b28d3614149647b66465699840c9df96d47f4e6a90c37d47ffcdd60ff2d654b1a528ff145b7d98fba9ef6dd98e1e4b7d279aefacad29b6841b512afbeb35ee7108f79ba3d282b76848cc8b0a02b0d227bba2b721a216119d2382f405046911ce3ee4c4d9d25654d33c93a2f1a4790e7466630db270a8a8a8ccbf79af25440bc0e9fccbe7001332334b12da6582bbd334431a52988768d3d22d1c5d68e94cab3ce624c6241845094e838424218e33f4e81008c4f48ac25e516829a22b8a62a7284ddce214a593a1cc341ec69264e6d9635b43e082e919f062454e0eb92627ed920ce8c0279772fc0ead11395572e254d43b155969f18bd25292e0d9a59a5e03424d93138bda22c24b6ccbd7d9089e0dedc727f5921313c66726c212e08b55acde9ed77127e3614ddddf15cc3e7d5594d7303ef0965df19df4be139b783c68f2a06f6a67b07b917c90c18e2d7d6f0b766df6b1ee3b51938b2638dfd060ee7026f776262b6f238e95766ddcdfbab9bf7053ebfc369c2ec34b819b76c83d73bb4fcc4f2af745a5bc92ed200f1e25d022d2cd6c77d0a2b6236f2d344c50bb3dc0a78e49f300e23b21747f3019faaf67fe1f504b0304140000000800bd46995698c432f85d030000d81300000d000000786c2f7374796c65732e786d6cdd586d6f9b3010fe2b88ef2d496851a842a42d5dd549cb54a9fdb07d748209966ccc8cd325fdf5f3d98490974bdf92751aa8c5be87e7eef1f9b0dd0e2abde4f43ea7547b0bc18b2af173adcbab20a8a63915a43a97252d0c92492588365d350baa5251925640123ce8753a5120082bfce1a0988b1ba12b6f2ae7854efc5e63f2dce36b9af8dde8c2f79cbb914c69e22fcd7526c4599a7af995105755e57bc15ee2e526f1fafa7c3c3eff692eeff6f66a3cb6b4a0d6301c64b2d8940206e39708ea3d129ef823c2d944314bcb88607ce9ec3d6b994a2e95a74d164ca8ae35554fee856edd8514d5be042ba472025c18f77b5213da887d803ec679a3efc27786e1a0245a5355dc988e2359eb2e56b71f96a5d1375364d9ed5dfa2f675492b31482ce4676a06a3649fc4ee78bbdad9f098a042dafef8c7763af7df15ac8de78f661d238912aa5aa49e4a5bf320d079c661af88acd72dbd0b2b491a4d652402b6564260be232bda26dd0ed0792f83a3705bef6b56d05c7dbb63acab6f935614e2df92f38de46f746a91b6636a794f37ba0fcc89a29ed9a295d64ad95a003eb40d1344d1dd44de7a6ee4080b63be7bced377c9be3923d4afd796e8657d8feafb9d4f44ed18c2d6c7f91ad1560eebb27705f2f90cfea2765c9979f389b1582bafcbe38e67040563c2f978a3d9968b0c04179b88c2fb2370dfa489a7e2b523ed0856e96dc43723e22458f54693685fed4bc40d5db93d63d89ca95aa5725f26324be2b95bdd3e8dcd574948a3c9ec07f4cce71e615d3191e67adc6dc5f1c7d2b083fb42a837a7f6cedc21b7b7063f5e00c9df8dfe12cce5b839ccc19d7aca87b394b535aec6ec5c6bf2613f357c74600f3564a3332e7faa101137fdd1ed394cd45dcbc750779a8df5ab7bfc189a41bad0ff026182b52baa0e9a8ee9ae3e5c639d35dee3cb305b58ea0bb10ca7220020188c64265a02cc74363fd8fe3eae3e37220aab0bf1feae3ac3ece72bcbdd0c8de682c84159b0b19721c876114a1e91d8df6cb18a1398c22f8411ca20a8183c68268afcdfc8102385036cfd4063acb07cb061df2811245877c20f3002139044e1c230580c6020e3a29684581082416941ac20a4398675421fa991f80e21885a04891ea8d222c5111dcc87ca11f5118c631020188c8084314820ff60084ca00212814866e23dddacf82d53e17acff9737fc03504b0304140000000800bd469956b747eb8ac0000000160200000b0000005f72656c732f2e72656c739d924b6e02310c40af12655f4ca9c40231acd8b043880bb889e7a399c49163c4f4f68dd8c02068114bff9e9e2daf0f34a0761c73dba56cc630c45cd95635ad00b26b29609e71a2582a354b402da13490d0f5d8102ce6f325c82dc36ed6b74c73fc49f40a91ebba73b465770a14f501f8aec39a234a435ad97180334bffcddccf0ad49a9dafacecfca735f0a6ccf3f52090a24745702cf491a44c8b7694af3e9eddbea4f3a56362b478dfe8fff3d0a8143df9bf9d30a589d2d74509266fb0f905504b0304140000000800bd469956a7411113a1010000350300000f000000786c2f776f726b626f6f6b2e786d6c8d92cd6ed43010c75f25f27d49b2dd2eb06a7aa1022a214014f5ee4d26cda8fe886c6f177a6acb6b2021f50956a095aaaaf4199c37ead8d142a495162e1eff67463fcf870f96da9ccfb53e4fbe48a1eccc14ac71ae9da5a92d1b90dc3ed32d288ad5da48ee489ab354d7359670a4cb8504e5d271964d5303823bd4ca36d85ad6d3fe87655b03bcb20d8093a247498e8a1d1e6c2afb689274a8b48332bc14bcc1738ab0b47f13824c2ed0e21c05baaf058b77012c91a850e2255405cb58621bbd7cab0d5e6ae5b838298d16a260791f3805e3b0dc729f84323ff3b98d1ec7e79f42cf059b6604acd1581733229f53911740c9bd5a38fd1a850373c41dbc317ad1a23a8b186a231df41147b1b189e2120ae6bffb5577e3d7fe21da3b7fef57c9fe681aaaa2ace3aaafd0117ad0af992105cc71d53ff24fe0f3d18b0170bc0338de06fee8aefca3ff45e78aa00ffe2eea9fa47e137e9de4d928cf07f8bd1df8bd6dfcad5f77d7dd4de2efbb6fdd55773d204d769026fd783733ada04605d57b62da10a00d97f4bd8289331c4ff6f397b4c98510afc8f741bdd3bcfab3a4cd0f3b7c02504b0304140000000800bd46995649ca0b6ec2000000b10300001a000000786c2f5f72656c732f776f726b626f6f6b2e786d6c2e72656c73cd93390e83301045af62f9004c58421101551ada2817b06058c462cb3351c2ed8348019652a441a1b2fe587eff15e3e486bde2568fd4b486c46be8474a65c36c2e0054343828f2b4c171bea9b41d14cfd1d66054d1a91a21389d62b05b86cc922d53dc2783bf107555b5055e75f11870e42f60786adb5183c852dc95ad915309af7e1d132c87efcd6429f23295362f7d29e0df468163141cc028748cc20318458e51b4a711f1d423ad3a9fecf49ff7ece7f92daef54bfc0cddd58d1709707e68f606504b0304140000000800bd469956d393bfe42801000072050000130000005b436f6e74656e745f54797065735d2e786d6ccd54cb4ec33010fc9528d72a712988036a7a01aed0033f60924d63d52f79b725fd7b360e8d042a2d552ad18b2d7b6767c63b92e76f3b0f98b4465b2cd286c83f088165034662ee3c58aed42e18497c0c2be165b9962b10b3e9f45e94ce1258caa8e34817f327a8e54653f2dcf2352a678b3480c63479ec819d56914aefb52a25715d6c6df54325fb52c8b93362b0511e270c4813715022967e55d837be6e21045541b294815ea4619868b540da69c0fc38c70197aeae5509952b37865b72f40164850d00199df7a49313d2c443867ebd196d20d21c5564e832388f9c5a80f3f5f6b174dd99672208a44e3c729064eed12f842ef10aaabf8af3843f5c58c74c50c46dfc98bfe73cf09f6b64762d466eafc5c8dd7f1a79776e7de92fa0db7323951d0c88f8d52e3e01504b01021403140000000800bd469956465ac10c82000000b1000000100000000000000000000000800100000000646f6350726f70732f6170702e786d6c504b01021403140000000800bd469956f0835be2ee000000cb0100001100000000000000000000008001b0000000646f6350726f70732f636f72652e786d6c504b01021403140000000800bd469956995c9c23100600009c2700001300000000000000000000008001cd010000786c2f7468656d652f7468656d65312e786d6c504b01021403140000000800bd46995643b9161c9c060000502e000018000000000000000000000080810e080000786c2f776f726b7368656574732f7368656574312e786d6c504b01021403140000000800bd469956919418d6390400000a1500001800000000000000000000008081e00e0000786c2f776f726b7368656574732f7368656574322e786d6c504b01021403140000000800bd46995631ed72d08b040000c613000018000000000000000000000080814f130000786c2f776f726b7368656574732f7368656574332e786d6c504b01021403140000000800bd469956caf3cb037002000049070000180000000000000000000000808110180000786c2f776f726b7368656574732f7368656574342e786d6c504b01021403140000000800bd46995698c432f85d030000d81300000d00000000000000000000008001b61a0000786c2f7374796c65732e786d6c504b01021403140000000800bd469956b747eb8ac0000000160200000b000000000000000000000080013e1e00005f72656c732f2e72656c73504b01021403140000000800bd469956a7411113a1010000350300000f00000000000000000000008001271f0000786c2f776f726b626f6f6b2e786d6c504b01021403140000000800bd46995649ca0b6ec2000000b10300001a00000000000000000000008001f5200000786c2f5f72656c732f776f726b626f6f6b2e786d6c2e72656c73504b01021403140000000800bd469956d393bfe428010000720500001300000000000000000000008001ef2100005b436f6e74656e745f54797065735d2e786d6c504b0506000000000c000c0010030000482300000000', '2023-04-25 08:53:58.941245+00');


--
-- Data for Name: lessons; Type: TABLE DATA; Schema: public; Owner: postgres
--

INSERT INTO public.lessons (lesson_id, date_from, topic, course_id, created_at, date_to) VALUES (26, '2023-01-10 00:00:00+00', 'Основы комбинаторики', 24, '2023-04-22 21:12:19.332979', '2023-01-17 00:00:00+00');
INSERT INTO public.lessons (lesson_id, date_from, topic, course_id, created_at, date_to) VALUES (27, '2023-01-17 00:00:00+00', 'Введение в теорию чисел', 24, '2023-04-22 21:13:06.612021', '2023-02-17 00:00:00+00');
INSERT INTO public.lessons (lesson_id, date_from, topic, course_id, created_at, date_to) VALUES (28, '2023-01-24 00:00:00+00', 'Геометрические преобразования', 24, '2023-04-22 21:14:00.572644', '2023-02-17 00:00:00+00');
INSERT INTO public.lessons (lesson_id, date_from, topic, course_id, created_at, date_to) VALUES (29, '2023-01-31 00:00:00+00', 'Решение уравнений и неравенств', 24, '2023-04-22 21:14:31.089253', '2023-02-17 00:00:00+00');
INSERT INTO public.lessons (lesson_id, date_from, topic, course_id, created_at, date_to) VALUES (30, '2023-02-07 00:00:00+00', 'Системы линейных уравнений', 24, '2023-04-22 21:15:26.508318', '2023-03-17 00:00:00+00');
INSERT INTO public.lessons (lesson_id, date_from, topic, course_id, created_at, date_to) VALUES (31, '2023-02-14 00:00:00+00', 'Основы стереометрии', 24, '2023-04-22 21:16:08.076629', '2023-03-17 00:00:00+00');
INSERT INTO public.lessons (lesson_id, date_from, topic, course_id, created_at, date_to) VALUES (32, '2023-02-21 00:00:00+00', 'Вероятность и математическая статистика', 24, '2023-04-22 21:17:06.771508', '2023-03-17 00:00:00+00');
INSERT INTO public.lessons (lesson_id, date_from, topic, course_id, created_at, date_to) VALUES (33, '2023-02-28 00:00:00+00', 'Основы тригонометрии', 24, '2023-04-22 21:18:00.579455', '2023-04-17 00:00:00+00');
INSERT INTO public.lessons (lesson_id, date_from, topic, course_id, created_at, date_to) VALUES (34, '2023-03-07 00:00:00+00', 'Математическая логика и решение задач на логику', 24, '2023-04-22 21:18:45.705509', '2023-04-17 00:00:00+00');
INSERT INTO public.lessons (lesson_id, date_from, topic, course_id, created_at, date_to) VALUES (35, '2023-03-14 00:00:00+00', 'Решение задач на движение и скорость', 24, '2023-04-22 21:19:24.3484', '2023-04-17 00:00:00+00');
INSERT INTO public.lessons (lesson_id, date_from, topic, course_id, created_at, date_to) VALUES (39, '2023-02-01 00:00:00+00', 'Комбинаторика', 26, '2023-04-24 19:11:44.374362', '2023-02-17 00:00:00+00');
INSERT INTO public.lessons (lesson_id, date_from, topic, course_id, created_at, date_to) VALUES (40, '2023-02-08 00:00:00+00', 'Теория чисел', 26, '2023-04-24 19:12:31.989172', '2023-02-17 00:00:00+00');
INSERT INTO public.lessons (lesson_id, date_from, topic, course_id, created_at, date_to) VALUES (41, '2023-02-15 00:00:00+00', 'Геометрия', 26, '2023-04-24 19:13:17.191594', '2023-03-17 00:00:00+00');
INSERT INTO public.lessons (lesson_id, date_from, topic, course_id, created_at, date_to) VALUES (42, '2023-02-22 00:00:00+00', 'Алгебра', 26, '2023-04-24 19:14:33.735918', '2023-03-17 00:00:00+00');
INSERT INTO public.lessons (lesson_id, date_from, topic, course_id, created_at, date_to) VALUES (43, '2023-03-08 00:00:00+00', NULL, 26, '2023-04-24 19:15:11.124794', '2023-04-17 00:00:00+00');
INSERT INTO public.lessons (lesson_id, date_from, topic, course_id, created_at, date_to) VALUES (44, '2023-03-15 00:00:00+00', NULL, 26, '2023-04-24 19:24:19.980433', '2023-04-17 00:00:00+00');
INSERT INTO public.lessons (lesson_id, date_from, topic, course_id, created_at, date_to) VALUES (45, '2023-04-01 00:00:00+00', 'Алгоритмы поиска и сортировки', 27, '2023-04-24 19:30:49.742709', '2023-04-17 00:00:00+00');
INSERT INTO public.lessons (lesson_id, date_from, topic, course_id, created_at, date_to) VALUES (46, '2023-04-08 00:00:00+00', 'Динамическое программирование', 27, '2023-04-24 19:31:36.802559', '2023-05-17 00:00:00+00');
INSERT INTO public.lessons (lesson_id, date_from, topic, course_id, created_at, date_to) VALUES (48, '2023-03-10 00:00:00+00', 'Урок', 29, '2023-04-25 08:53:23.965696', '2023-03-15 00:00:00+00');


--
-- Data for Name: teacher_courses; Type: TABLE DATA; Schema: public; Owner: postgres
--

INSERT INTO public.teacher_courses (teacher_id, course_id, created_at) VALUES (131898478, 24, '2023-04-22 15:03:36.704994');
INSERT INTO public.teacher_courses (teacher_id, course_id, created_at) VALUES (131898478, 26, '2023-04-24 19:20:43.821959');
INSERT INTO public.teacher_courses (teacher_id, course_id, created_at) VALUES (131898478, 27, '2023-04-24 19:32:39.823423');
INSERT INTO public.teacher_courses (teacher_id, course_id, created_at) VALUES (438003435, 27, '2023-04-24 21:05:17.308939');
INSERT INTO public.teacher_courses (teacher_id, course_id, created_at) VALUES (131898478, 29, '2023-04-25 08:53:40.819888');


--
-- Data for Name: teachers; Type: TABLE DATA; Schema: public; Owner: postgres
--

INSERT INTO public.teachers (comment, created_at, teacher_id, is_manager) VALUES (NULL, '2023-04-09 21:48:37.86559', 131898478, true);
INSERT INTO public.teachers (comment, created_at, teacher_id, is_manager) VALUES (NULL, '2023-04-16 10:45:35.442808', 438003435, true);


--
-- Name: activities_id_seq; Type: SEQUENCE SET; Schema: public; Owner: postgres
--

SELECT pg_catalog.setval('public.activities_id_seq', 72, true);


--
-- Name: activity_records_record_id_seq; Type: SEQUENCE SET; Schema: public; Owner: postgres
--

SELECT pg_catalog.setval('public.activity_records_record_id_seq', 21, true);


--
-- Name: courses_id_seq; Type: SEQUENCE SET; Schema: public; Owner: postgres
--

SELECT pg_catalog.setval('public.courses_id_seq', 29, true);


--
-- Name: excel_reports_report_id_seq; Type: SEQUENCE SET; Schema: public; Owner: postgres
--

SELECT pg_catalog.setval('public.excel_reports_report_id_seq', 36, true);


--
-- Name: lessons_id_seq; Type: SEQUENCE SET; Schema: public; Owner: postgres
--

SELECT pg_catalog.setval('public.lessons_id_seq', 48, true);


--
-- Name: activities activities_pkey; Type: CONSTRAINT; Schema: public; Owner: postgres
--

ALTER TABLE ONLY public.activities
    ADD CONSTRAINT activities_pkey PRIMARY KEY (activity_id);


--
-- Name: activity_records activity_records_pkey; Type: CONSTRAINT; Schema: public; Owner: postgres
--

ALTER TABLE ONLY public.activity_records
    ADD CONSTRAINT activity_records_pkey PRIMARY KEY (record_id);


--
-- Name: course_join_codes course_join_codes_code_key; Type: CONSTRAINT; Schema: public; Owner: postgres
--

ALTER TABLE ONLY public.course_join_codes
    ADD CONSTRAINT course_join_codes_code_key UNIQUE (code_id);


--
-- Name: course_join_codes course_join_codes_pkey; Type: CONSTRAINT; Schema: public; Owner: postgres
--

ALTER TABLE ONLY public.course_join_codes
    ADD CONSTRAINT course_join_codes_pkey PRIMARY KEY (code_id);


--
-- Name: courses courses_pkey; Type: CONSTRAINT; Schema: public; Owner: postgres
--

ALTER TABLE ONLY public.courses
    ADD CONSTRAINT courses_pkey PRIMARY KEY (course_id);


--
-- Name: excel_reports excel_reports_pkey; Type: CONSTRAINT; Schema: public; Owner: postgres
--

ALTER TABLE ONLY public.excel_reports
    ADD CONSTRAINT excel_reports_pkey PRIMARY KEY (report_id);


--
-- Name: lessons lessons_pkey; Type: CONSTRAINT; Schema: public; Owner: postgres
--

ALTER TABLE ONLY public.lessons
    ADD CONSTRAINT lessons_pkey PRIMARY KEY (lesson_id);


--
-- Name: teachers teachers_pkey; Type: CONSTRAINT; Schema: public; Owner: postgres
--

ALTER TABLE ONLY public.teachers
    ADD CONSTRAINT teachers_pkey PRIMARY KEY (teacher_id);


--
-- Name: teacher_courses unique_teacher_course; Type: CONSTRAINT; Schema: public; Owner: postgres
--

ALTER TABLE ONLY public.teacher_courses
    ADD CONSTRAINT unique_teacher_course UNIQUE (teacher_id, course_id);


--
-- Name: activities activities_lesson_id_fkey; Type: FK CONSTRAINT; Schema: public; Owner: postgres
--

ALTER TABLE ONLY public.activities
    ADD CONSTRAINT activities_lesson_id_fkey FOREIGN KEY (lesson_id) REFERENCES public.lessons(lesson_id);


--
-- Name: activity_records activity_records_activity_id_fkey; Type: FK CONSTRAINT; Schema: public; Owner: postgres
--

ALTER TABLE ONLY public.activity_records
    ADD CONSTRAINT activity_records_activity_id_fkey FOREIGN KEY (activity_id) REFERENCES public.activities(activity_id);


--
-- Name: course_join_codes course_join_codes_course_id_fkey; Type: FK CONSTRAINT; Schema: public; Owner: postgres
--

ALTER TABLE ONLY public.course_join_codes
    ADD CONSTRAINT course_join_codes_course_id_fkey FOREIGN KEY (course_id) REFERENCES public.courses(course_id);


--
-- Name: teacher_courses fk_teachers; Type: FK CONSTRAINT; Schema: public; Owner: postgres
--

ALTER TABLE ONLY public.teacher_courses
    ADD CONSTRAINT fk_teachers FOREIGN KEY (teacher_id) REFERENCES public.teachers(teacher_id);


--
-- Name: activity_records fk_teachers; Type: FK CONSTRAINT; Schema: public; Owner: postgres
--

ALTER TABLE ONLY public.activity_records
    ADD CONSTRAINT fk_teachers FOREIGN KEY (teacher_id) REFERENCES public.teachers(teacher_id);


--
-- Name: lessons lessons_course_id_fkey; Type: FK CONSTRAINT; Schema: public; Owner: postgres
--

ALTER TABLE ONLY public.lessons
    ADD CONSTRAINT lessons_course_id_fkey FOREIGN KEY (course_id) REFERENCES public.courses(course_id);


--
-- Name: teacher_courses teacher_courses_course_id_fkey; Type: FK CONSTRAINT; Schema: public; Owner: postgres
--

ALTER TABLE ONLY public.teacher_courses
    ADD CONSTRAINT teacher_courses_course_id_fkey FOREIGN KEY (course_id) REFERENCES public.courses(course_id);


--
-- Name: SCHEMA public; Type: ACL; Schema: -; Owner: postgres
--

REVOKE USAGE ON SCHEMA public FROM PUBLIC;
GRANT ALL ON SCHEMA public TO PUBLIC;


--
-- PostgreSQL database dump complete
--

